pl_name,hostname,pl_letter,hd_name,hip_name,sy_snum,sy_pnum,cb_flag,discoverymethod,soltype,pl_orbper,pl_orbsmax,pl_rade,pl_radj,pl_masse,pl_massj,pl_msinie,pl_msinij,pl_cmasse,pl_cmassj,pl_bmasse,pl_bmassj,pl_bmassprov,pl_dens,pl_orbeccen,pl_insol,pl_eqt,pl_orbincl,pl_tranmid,pl_tsystemref,ttv_flag,pl_imppar,pl_trandep,pl_trandur,pl_ratdor,pl_ratror,pl_occdep,pl_orbtper,pl_orblper,pl_rvamp,pl_projobliq,pl_trueobliq,st_spectype,st_teff,st_rad,st_mass,st_met,st_metratio,st_lum,st_logg,st_age,st_dens,st_vsin,st_rotp,st_radv,rastr,ra,decstr,dec,glat,glon,elat,elon,sy_pm,sy_pmra,sy_pmdec,sy_dist,sy_plx
KIC 7917485 b,KIC 7917485,b,NA,NA,1,1,0,Pulsation Timing Variations,Published Confirmed,840,NA,NA,NA,NA,NA,3750.394,11.8,NA,NA,3750.394,11.8,Msini,NA,0.15,NA,NA,NA,NA,NA,0,NA,NA,NA,NA,NA,NA,NA,NA,NA,NA,NA,A,7067,NA,1.63,-0.02,[Fe/H],0.996,4,NA,NA,120,NA,NA,19h57m44.31s,299.4346094,+43d37m57.38s,43.6326069,7.52066,78.52715,62.10801,319.49325,6.5164074,2.40823,-6.05508,1382.89,0.694777
KOI-1257 b,KOI-1257,b,NA,NA,2,1,0,Transit,Published Confirmed,86.647661,0.382,10.54,0.94,460.83,1.45,NA,NA,NA,NA,460.83,1.45,Mass,2.1,0.772,NA,511,89.66,2455006.79454,BJD-TDB,0,NA,NA,NA,NA,NA,NA,NA,141.3,NA,74,NA,G5 V,5520,1.13,0.99,0.27,[Fe/H],NA,4.32,9.3,0.99,4.6,NA,8.8,19h24m54.02s,291.2250888,+44d55m38.25s,44.9272918,13.31738,76.89172,65.56864,308.29229,16.3901937,-6.7631,-14.9298,NA,NA
KOI-4978 b,KOI-4978,b,NA,NA,1,1,0,Transit,Published Confirmed,0.941967,NA,0.7,0.062,NA,NA,NA,NA,NA,NA,NA,NA,NA,NA,NA,NA,NA,NA,2454833.099,BJD,0,NA,NA,2.2,3.6,NA,NA,NA,NA,NA,NA,NA,G,5050.28,0.97,0.86,NA,NA,NA,NA,NA,1.1,NA,NA,NA,19h06m21.78s,286.5907635,+38d33m29.88s,38.5582993,13.82335,69.45751,60.45611,296.92078,1.6819067,1.51119,0.738319,936.341,1.03972
KOI-55 b,KOI-55,b,NA,NA,1,2,0,Orbital Brightness Modulation,Published Confirmed,0.240104,0.006,0.759,0.068,0.44,0.0014,NA,NA,NA,NA,0.44,0.0014,Mass,NA,NA,NA,NA,65,NA,NA,0,NA,NA,NA,NA,NA,NA,NA,NA,NA,NA,NA,B,27730,0.2,0.5,NA,NA,1.36,5.52,NA,84.1,NA,NA,NA,19h45m25.48s,296.3561853,+41d05m33.83s,41.0927315,8.23109,75.1612,60.65254,313.05295,7.8384452,7.18486,-3.13353,1231.02,0.785017
KOI-55 c,KOI-55,c,NA,NA,1,2,0,Orbital Brightness Modulation,Published Confirmed,0.342887,0.0076,0.867,0.077,0.655,0.0021,NA,NA,NA,NA,0.655,0.0021,Mass,NA,NA,NA,NA,65,NA,NA,0,NA,NA,NA,NA,NA,NA,NA,NA,NA,NA,NA,B,27730,0.2,0.5,NA,NA,1.36,5.52,NA,84.1,NA,NA,NA,19h45m25.48s,296.3561853,+41d05m33.83s,41.0927315,8.23109,75.1612,60.65254,313.05295,7.8384452,7.18486,-3.13353,1231.02,0.785017
KOI-7913 b,KOI-7913 A,b,NA,NA,2,1,0,Transit,Published Confirmed,24.278553,NA,2.34,0.209,NA,NA,NA,NA,NA,NA,NA,NA,NA,NA,NA,NA,NA,NA,2454987.5121,BJD-TDB,0,0.312,NA,4.39,40.92,0.027,NA,NA,NA,NA,NA,NA,K6 V,4324,0.79,0.76,-0.06,[Fe/H],NA,4.52,0.036,2.2,13.3,3.39,-17.8,19h06m59.65s,286.7485252,+45d09m31.40s,45.1587234,16.30536,75.79314,66.80131,301.05022,2.6833047,2.49304,0.992409,271.277,3.65739
Kepler-101 b,Kepler-101,b,NA,NA,1,2,0,Transit,Published Confirmed,3.4876812,0.0474,5.77,0.51,51.1,0.16,NA,NA,NA,NA,51.1,0.16,Mass,1.45,0.086,NA,1513,85.82,2455088.77995,BJD-TDB,0,0.52,NA,3.875,6.55,0.03401,NA,NA,231,19.4,NA,NA,G3 IV,5667,1.56,1.17,0.33,[Fe/H],NA,4.12,5.9,0.437,2.6,NA,-77.71,18h53m01.32s,283.255507,+48d21m18.89s,48.3552474,19.67348,78.04679,70.54439,297.21928,6.9361955,0.713214,6.89943,927.981,1.04884
Kepler-101 c,Kepler-101,c,NA,NA,1,2,0,Transit,Published Confirmed,6.02976,0.0684,1.25,0.112,3.78,0.01,NA,NA,NA,NA,3.78,0.01,Mass,10.5,0,NA,1413,84.6,2454965.486,BJD-TDB,0,0.75,NA,3.87,8,0.00732,NA,NA,90,1.17,NA,NA,G3 IV,5667,1.56,1.17,0.33,[Fe/H],NA,4.12,5.9,0.437,2.6,NA,-77.71,18h53m01.32s,283.255507,+48d21m18.89s,48.3552474,19.67348,78.04679,70.54439,297.21928,6.9361955,0.713214,6.89943,927.981,1.04884
Kepler-114 b,Kepler-114,b,NA,NA,1,3,0,Transit,Published Confirmed,5.18856001,0.0484,1.18,0.105,NA,NA,NA,NA,NA,NA,NA,NA,NA,NA,NA,NA,588,NA,NA,NA,0,NA,NA,NA,NA,0.02,NA,NA,NA,NA,NA,NA,M0 V,3983,0.54,0.56,-0.2,[M/H],NA,NA,NA,NA,NA,NA,NA,19h36m29.16s,294.121482,+48d20m59.27s,48.3497977,13.01505,80.94435,67.94583,316.32581,64.5444001,12.8107,63.2603,259.533,3.82424
Kepler-114 c,Kepler-114,c,NA,NA,1,3,0,Transit,Published Confirmed,8.04144001,0.06482,1.36,0.121,NA,NA,NA,NA,NA,NA,NA,NA,NA,NA,NA,NA,508,NA,NA,NA,1,NA,NA,NA,NA,0.023,NA,NA,NA,NA,NA,NA,M0 V,3983,0.54,0.56,-0.2,[M/H],NA,NA,NA,NA,NA,NA,NA,19h36m29.16s,294.121482,+48d20m59.27s,48.3497977,13.01505,80.94435,67.94583,316.32581,64.5444001,12.8107,63.2603,259.533,3.82424
Kepler-114 d,Kepler-114,d,NA,NA,1,3,0,Transit,Published Confirmed,11.77617931,0.08358,1.95,0.174,NA,NA,NA,NA,NA,NA,NA,NA,NA,NA,NA,NA,447,NA,NA,NA,1,NA,NA,NA,NA,0.033,NA,NA,NA,NA,NA,NA,M0 V,3983,0.54,0.56,-0.2,[M/H],NA,NA,NA,NA,NA,NA,NA,19h36m29.16s,294.121482,+48d20m59.27s,48.3497977,13.01505,80.94435,67.94583,316.32581,64.5444001,12.8107,63.2603,259.533,3.82424
Kepler-117 b,Kepler-117,b,NA,NA,1,2,0,Transit,Published Confirmed,18.7959228,0.1445,8.059,0.719,29.875,0.094,NA,NA,NA,NA,29.875,0.094,Mass,0.3,0.0493,NA,984,88.74,2454978.82204,BJD,1,0.446,NA,7.258,19.67,0.0463,NA,NA,254.3,6.5,NA,NA,F8 V,6150,1.61,1.13,-0.04,[Fe/H],NA,4.1,5.3,0.41,6,NA,-12.95,19h15m10.34s,288.7930651,+48d02m24.63s,48.040176,16.11474,79.12533,69.07218,307.08257,10.4029148,3.51739,-9.79023,1455.57,0.658131
Kepler-117 c,Kepler-117,c,NA,NA,1,2,0,Transit,Published Confirmed,50.790391,0.2804,12.341,1.101,584.78,1.84,NA,NA,NA,NA,584.78,1.84,Mass,1.74,0.0323,NA,704,89.64,2454968.63205,BJD,1,0.268,NA,10.883,38.18,0.07052,NA,NA,305,90.4,NA,NA,F8 V,6150,1.61,1.13,-0.04,[Fe/H],NA,4.1,5.3,0.41,6,NA,-12.95,19h15m10.34s,288.7930651,+48d02m24.63s,48.040176,16.11474,79.12533,69.07218,307.08257,10.4029148,3.51739,-9.79023,1455.57,0.658131
Kepler-120 b,Kepler-120,b,NA,NA,1,2,0,Transit,Published Confirmed,6.31238222,0.05611,2.05,0.183,NA,NA,NA,NA,NA,NA,NA,NA,NA,NA,NA,NA,576,NA,NA,NA,0,NA,NA,NA,NA,0.033,NA,NA,NA,NA,NA,NA,M0 V,4096,0.57,0.59,-0.17,[M/H],NA,NA,NA,NA,NA,NA,NA,19h11m33.98s,287.8915707,+39d20m20.75s,39.3390979,13.21918,70.61567,60.97003,299.31274,11.8122105,-10.1829,-5.98639,388.63,2.54441
Kepler-120 c,Kepler-120,c,NA,NA,1,2,0,Transit,Published Confirmed,12.79397011,0.08987,1.62,0.145,NA,NA,NA,NA,NA,NA,NA,NA,NA,NA,NA,NA,455,NA,NA,NA,0,NA,NA,NA,NA,0.026,NA,NA,NA,NA,NA,NA,M0 V,4096,0.57,0.59,-0.17,[M/H],NA,NA,NA,NA,NA,NA,NA,19h11m33.98s,287.8915707,+39d20m20.75s,39.3390979,13.21918,70.61567,60.97003,299.31274,11.8122105,-10.1829,-5.98639,388.63,2.54441
Kepler-125 b,Kepler-125,b,NA,NA,1,2,0,Transit,Published Confirmed,4.16437101,0.04124,2.47,0.22,NA,NA,NA,NA,NA,NA,NA,NA,NA,NA,NA,NA,594,NA,NA,NA,0,NA,NA,NA,NA,0.044,NA,NA,NA,NA,NA,NA,M1 V,3810,0.52,0.54,-0.02,[M/H],NA,NA,NA,NA,NA,NA,NA,19h53m01.95s,298.2581101,+47d36m18.01s,47.6050031,10.21915,81.59299,66.03691,321.80524,10.6308736,0.659458,10.6104,183.365,5.4249
Kepler-129 b,Kepler-129,b,NA,NA,1,3,0,Transit,Published Confirmed,15.79,0.13,2.4,0.214,NA,NA,20,0.06293,NA,NA,20,0.06293,Msini,8.1,NA,NA,NA,NA,NA,JD,0,NA,NA,NA,NA,NA,NA,2454978.2,NA,4.5,NA,NA,G4 V,5770,1.65,1.18,0.29,[Fe/H],NA,NA,6.43,NA,2.13,NA,NA,19h01m14.68s,285.3111845,+47d50m54.52s,47.8484775,18.21023,78.0353,69.66334,300.65359,27.9746534,-13.2579,-24.6335,408.845,2.41732
Kepler-129 c,Kepler-129,c,NA,NA,1,3,0,Transit,Published Confirmed,82.2,0.39,2.52,0.225,43,0.13529,NA,NA,NA,NA,43,0.13529,Mass,14.8,NA,NA,NA,NA,NA,JD,0,NA,NA,NA,NA,NA,NA,2455041.8,NA,5.5,NA,NA,G4 V,5770,1.65,1.18,0.29,[Fe/H],NA,NA,6.43,NA,2.13,NA,NA,19h01m14.68s,285.3111845,+47d50m54.52s,47.8484775,18.21023,78.0353,69.66334,300.65359,27.9746534,-13.2579,-24.6335,408.845,2.41732
Kepler-138 c,Kepler-138,c,NA,NA,1,4,0,Transit,Published Confirmed,13.78104973,0.0906,1.58,0.141,NA,NA,NA,NA,NA,NA,NA,NA,NA,NA,NA,NA,398,NA,NA,NA,1,NA,NA,NA,NA,0.029,NA,NA,NA,NA,NA,NA,M1 V,3841,0.5,0.52,-0.18,[M/H],NA,NA,NA,NA,NA,NA,NA,19h21m31.54s,290.3814122,+43d17m35.03s,43.2930645,13.17249,75.10743,64.22965,305.66133,30.6516252,-20.5991,22.698,66.8624,14.9272
Kepler-138 c,Kepler-138,c,NA,NA,1,4,0,Transit,Published Confirmed,13.78164,NA,1.61,0.144,3.83,0.012,NA,NA,NA,NA,3.83,0.012,Mass,5,0.05,NA,NA,NA,2455575.87635,NA,1,0.922,NA,NA,NA,0.0273,NA,NA,72,NA,NA,NA,M1 V,3871,0.54,0.57,NA,NA,NA,4.73,NA,2.75,NA,NA,NA,19h21m31.54s,290.3814122,+43d17m35.03s,43.2930645,13.17249,75.10743,64.22965,305.66133,30.6516252,-20.5991,22.698,66.8624,14.9272
Kepler-138 d,Kepler-138,d,NA,NA,1,4,0,Transit,Published Confirmed,23.08933,NA,1.61,0.144,1.01,0.003,NA,NA,NA,NA,1.01,0.003,Mass,1.31,0.024,NA,NA,NA,2455558.1404,NA,1,0.767,NA,NA,NA,0.02731,NA,NA,170,NA,NA,NA,M1 V,3871,0.54,0.57,NA,NA,NA,4.73,NA,2.75,NA,NA,NA,19h21m31.54s,290.3814122,+43d17m35.03s,43.2930645,13.17249,75.10743,64.22965,305.66133,30.6516252,-20.5991,22.698,66.8624,14.9272
Kepler-138 d,Kepler-138,d,NA,NA,1,4,0,Transit,Published Confirmed,23.0904007,0.12781,1.26,0.112,NA,NA,NA,NA,NA,NA,NA,NA,NA,NA,NA,NA,335,NA,NA,NA,1,NA,NA,NA,NA,0.023,NA,NA,NA,NA,NA,NA,M1 V,3841,0.5,0.52,-0.18,[M/H],NA,NA,NA,NA,NA,NA,NA,19h21m31.54s,290.3814122,+43d17m35.03s,43.2930645,13.17249,75.10743,64.22965,305.66133,30.6516252,-20.5991,22.698,66.8624,14.9272
Kepler-1489 c,Kepler-1489,c,NA,NA,1,2,0,Transit,Published Confirmed,0.680741,NA,0.51,0.045,NA,NA,NA,NA,NA,NA,NA,NA,NA,NA,NA,NA,NA,NA,2454832.96,BJD,0,NA,NA,1.7,3.3,NA,NA,NA,NA,NA,NA,NA,G,5565.53,0.96,0.98,NA,NA,NA,NA,NA,1.6,NA,NA,NA,18h45m10.99s,281.2957984,+44d27m55.46s,44.4654063,19.67833,73.6739,67.08159,291.03313000000003,3.5999514,-1.1679,3.40524,1283.05,0.750671
Kepler-1513 b,Kepler-1513,b,NA,NA,1,2,0,Transit,Published Confirmed,160.8842,NA,8.594,0.767,48.30992,0.152,NA,NA,NA,NA,48.30992,0.152,Mass,1.304,0.306,NA,NA,NA,2455110.50639,BJD,1,0.106,NA,NA,NA,0.07485,NA,NA,259,6.3,NA,NA,G V,5491,0.95,0.94,0.17,[M/H],-0.129,4.46,7,NA,NA,NA,NA,19h19m10.02s,289.7917561,+39d17m06.96s,39.2852655,11.86338,71.20067,60.53158,302.18709,20.4696982,20.3941,1.75762,349.247,2.83455
Kepler-155 b,Kepler-155,b,NA,NA,1,2,0,Transit,Published Confirmed,5.93120384,0.05288,1.76,0.157,NA,NA,NA,NA,NA,NA,NA,NA,NA,NA,NA,NA,560,NA,NA,NA,0,NA,NA,NA,NA,0.03,NA,NA,NA,NA,NA,NA,M0 V,3985,0.54,0.56,-0.22,[M/H],NA,NA,NA,NA,NA,NA,NA,19h13m58.99s,288.4957831,+51d04m54.94s,51.0819286,17.44949,81.98736,71.95655,310.04296,8.8480901,-5.34803,-7.04892,293.499,3.3785
Kepler-158 d,Kepler-158,d,NA,NA,1,3,0,Transit,Published Confirmed,0.645088,NA,0.43,0.038,NA,NA,NA,NA,NA,NA,NA,NA,NA,NA,NA,NA,NA,NA,2454833.052,BJD,0,NA,NA,1.2,4,NA,NA,NA,NA,NA,NA,NA,K,4895.97,0.67,0.66,NA,NA,NA,NA,NA,3.1,NA,NA,NA,18h56m07.77s,284.0323723,+39d46m53.53s,39.7815365,16.12696,69.82072,62.08309,293.44881,49.512889,24.3419,43.1161,315.177,3.14405
Kepler-159 b,Kepler-159,b,NA,NA,1,2,0,Transit,Published Confirmed,10.13961029,0.07369,1.64,0.146,NA,NA,NA,NA,NA,NA,NA,NA,NA,NA,NA,NA,448,NA,NA,NA,1,NA,NA,NA,NA,0.03,NA,NA,NA,NA,NA,NA,M0 V,3894,0.5,0.52,-0.28,[M/H],NA,NA,NA,NA,NA,NA,NA,19h48m16.85s,297.0702037,+40d52m07.44s,40.868734,7.65134,75.22984,60.24835,313.90304,15.3127166,7.57402,-13.3084,373.744,2.64697
Kepler-159 c,Kepler-159,c,NA,NA,1,2,0,Transit,Published Confirmed,43.62049866,0.19491,2.68,0.239,NA,NA,NA,NA,NA,NA,NA,NA,NA,NA,NA,NA,275,NA,NA,NA,1,NA,NA,NA,NA,0.049,NA,NA,NA,NA,NA,NA,M0 V,3894,0.5,0.52,-0.28,[M/H],NA,NA,NA,NA,NA,NA,NA,19h48m16.85s,297.0702037,+40d52m07.44s,40.868734,7.65134,75.22984,60.24835,313.90304,15.3127166,7.57402,-13.3084,373.744,2.64697
Kepler-1654 b,Kepler-1654,b,NA,NA,1,1,0,Transit,Published Confirmed,1047.8356,2.026,9.18,0.819,158.915,0.5,NA,NA,NA,NA,158.915,0.5,Mass,1.2,0.26,0.3,206,89.982,2455375.1341,BJD-TDB,0,0.114,0.5096,22.992,370.3,0.07138,NA,NA,81,2.7,NA,NA,G5 V,5597,1.18,1.01,-0.088,[Fe/H],0.09,4.3,5,0.876,2,NA,NA,18h48m44.57s,282.1856949,+44d26m04.06s,44.4344617,19.06885,73.86663,66.91972,292.61124,16.1565433,-16.1393,-0.746249,568.117,1.73131
Kepler-1655 b,Kepler-1655,b,NA,NA,1,1,0,Transit,Published Confirmed,11.8728787,0.103,2.213,0.197,5,0.01573,NA,NA,NA,NA,5,0.01573,Mass,2.5,NA,155,NA,87.62,2455013.89795,BJD,0,0.85,NA,NA,20.5,0.01965,NA,NA,-71,1.47,NA,NA,G0 V,6148,1.03,1.03,-0.24,[Fe/H],NA,4.36,2.56,1.3,3.5,13.6,NA,19h06m45.50s,286.6895986,+39d12m43.49s,39.2120802,14.01685,70.10576,61.07392,297.38621,44.8268376,29.509,33.7441,213.26,4.66028
Kepler-1660 AB b,Kepler-1660 A,b,NA,NA,2,1,1,Eclipse Timing Variations,Published Confirmed,237.68977,0.8,NA,NA,2445.06619,7.693,NA,NA,NA,NA,2445.06619,7.693,Mass,NA,0.0603,NA,NA,105.83,NA,NA,0,NA,NA,NA,NA,NA,NA,NA,29.03,NA,NA,NA,F7 V,NA,NA,1.21,NA,NA,NA,NA,NA,NA,NA,NA,NA,19h22m12.47s,290.5519537,+40d14m06.16s,40.2350445,11.7468,72.33368,61.2779,303.89126,2.7811979,2.38426,1.43191,1188.54,0.812612
Kepler-1661 b,Kepler-1661,b,NA,NA,2,1,1,Transit,Published Confirmed,175.06,0.633,3.87,0.345,17,0.05349,NA,NA,NA,NA,17,0.05349,Mass,1.6,0.057,0.88,243,89.46,2456007.1,BJD,0,NA,NA,NA,NA,0.04651,NA,NA,67.1,NA,NA,NA,K,5100,0.76,0.84,-0.12,[M/H],NA,4.66,2,NA,2.5,24.44,NA,19h00m40.10s,285.1670927,+41d58m00.98s,41.9669383,16.15714,72.26462,64.02419,296.36506,27.6028078,-7.99366,-26.42,410.607,2.4066
Kepler-167 b,Kepler-167,b,NA,NA,2,4,0,Transit,Published Confirmed,4.3931632,0.0483,1.615,0.144,NA,NA,NA,NA,NA,NA,NA,NA,NA,NA,0,115.8,914,89.33,2455831.78317,BJD-UTC,0,0.17,NA,2.35,14.33,0.02036,NA,NA,NA,NA,NA,NA,K4,4890,0.73,0.77,-0.03,[Fe/H],-0.57,4.61,3.3,2.88,2,NA,-29.3,19h30m38.05s,292.6585253,+38d20m44.00s,38.3455558,9.44486,71.35329,58.99247,305.90517,39.3944815,15.0813,36.3934,341.908,2.89593
Kepler-167 c,Kepler-167,c,NA,NA,2,4,0,Transit,Published Confirmed,7.406114,0.0684,1.548,0.138,NA,NA,NA,NA,NA,NA,NA,NA,NA,NA,0,57.7,768,89.3,2455552.15774,BJD-UTC,0,0.25,NA,2.746,20.3,0.01952,NA,NA,NA,NA,NA,NA,K4,4890,0.73,0.77,-0.03,[Fe/H],-0.57,4.61,3.3,2.88,2,NA,-29.3,19h30m38.05s,292.6585253,+38d20m44.00s,38.3455558,9.44486,71.35329,58.99247,305.90517,39.3944815,15.0813,36.3934,341.908,2.89593
Kepler-167 d,Kepler-167,d,NA,NA,2,4,0,Transit,Published Confirmed,21.803855,0.1405,1.194,0.107,NA,NA,NA,NA,NA,NA,NA,NA,NA,NA,0.12,13.68,536,89.352,2455669.7934,BJD-UTC,0,0.474,NA,3.582,41.7,0.01507,NA,NA,NA,NA,NA,NA,K4,4890,0.73,0.77,-0.03,[Fe/H],-0.57,4.61,3.3,2.88,2,NA,-29.3,19h30m38.05s,292.6585253,+38d20m44.00s,38.3455558,9.44486,71.35329,58.99247,305.90517,39.3944815,15.0813,36.3934,341.908,2.89593
Kepler-167 e,Kepler-167,e,NA,NA,2,4,0,Transit,Published Confirmed,1071.23228,1.89,10.15,0.906,NA,NA,NA,NA,NA,NA,NA,NA,NA,NA,0.062,0.07,131,89.976,2455253.28699,BJD-UTC,0,0.233,NA,16.13,560,0.1281,NA,NA,201,NA,NA,NA,K4,4890,0.73,0.77,-0.03,[Fe/H],-0.57,4.61,3.3,2.88,2,NA,-29.3,19h30m38.05s,292.6585253,+38d20m44.00s,38.3455558,9.44486,71.35329,58.99247,305.90517,39.3944815,15.0813,36.3934,341.908,2.89593
Kepler-186 b,Kepler-186,b,NA,NA,1,5,0,Transit,Published Confirmed,3.8867907,0.0343,1.07,0.095,NA,NA,NA,NA,NA,NA,NA,NA,NA,NA,NA,NA,NA,NA,2454966.3304,BJD,0,0.3,NA,NA,NA,0.02075,NA,NA,NA,NA,NA,NA,M1,3788,0.47,0.48,-0.28,[M/H],-1.385,4.77,4,6.4,NA,NA,NA,19h54m36.66s,298.652736,+43d57m17.96s,43.9549884,8.17058,78.5199,62.63613,318.67235,4.839251,2.09856,-4.36055,177.594,5.60203
Kepler-186 b,Kepler-186,b,NA,NA,1,5,0,Transit,Published Confirmed,3.88675809,0.03797,1.31,0.117,NA,NA,NA,NA,NA,NA,NA,NA,NA,NA,NA,NA,579,NA,NA,NA,0,NA,NA,NA,NA,0.026,NA,NA,NA,NA,NA,NA,M1 V,3761,0.46,0.48,-0.21,[M/H],NA,NA,NA,NA,NA,NA,NA,19h54m36.66s,298.652736,+43d57m17.96s,43.9549884,8.17058,78.5199,62.63613,318.67235,4.839251,2.09856,-4.36055,177.594,5.60203
Kepler-186 c,Kepler-186,c,NA,NA,1,5,0,Transit,Published Confirmed,7.267302,0.0451,1.25,0.112,NA,NA,NA,NA,NA,NA,NA,NA,NA,NA,NA,NA,NA,NA,2455007.3142,BJD,0,0.28,NA,NA,NA,0.02424,NA,NA,NA,NA,NA,NA,M1,3788,0.47,0.48,-0.28,[M/H],-1.385,4.77,4,6.4,NA,NA,NA,19h54m36.66s,298.652736,+43d57m17.96s,43.9549884,8.17058,78.5199,62.63613,318.67235,4.839251,2.09856,-4.36055,177.594,5.60203
Kepler-186 c,Kepler-186,c,NA,NA,1,5,0,Transit,Published Confirmed,7.26733017,0.05763,1.21,0.108,NA,NA,NA,NA,NA,NA,NA,NA,NA,NA,NA,NA,470,NA,NA,NA,0,NA,NA,NA,NA,0.024,NA,NA,NA,NA,NA,NA,M1 V,3761,0.46,0.48,-0.21,[M/H],NA,NA,NA,NA,NA,NA,NA,19h54m36.66s,298.652736,+43d57m17.96s,43.9549884,8.17058,78.5199,62.63613,318.67235,4.839251,2.09856,-4.36055,177.594,5.60203
Kepler-186 d,Kepler-186,d,NA,NA,1,5,0,Transit,Published Confirmed,13.34331036,0.08642,1.41,0.126,NA,NA,NA,NA,NA,NA,NA,NA,NA,NA,NA,NA,384,NA,NA,NA,0,NA,NA,NA,NA,0.028,NA,NA,NA,NA,NA,NA,M1 V,3761,0.46,0.48,-0.21,[M/H],NA,NA,NA,NA,NA,NA,NA,19h54m36.66s,298.652736,+43d57m17.96s,43.9549884,8.17058,78.5199,62.63613,318.67235,4.839251,2.09856,-4.36055,177.594,5.60203
Kepler-186 d,Kepler-186,d,NA,NA,1,5,0,Transit,Published Confirmed,13.342996,0.0781,1.4,0.125,NA,NA,NA,NA,NA,NA,NA,NA,NA,NA,NA,NA,NA,NA,2455009.9045,BJD,0,0.36,NA,NA,NA,0.02715,NA,NA,NA,NA,NA,NA,M1,3788,0.47,0.48,-0.28,[M/H],-1.385,4.77,4,6.4,NA,NA,NA,19h54m36.66s,298.652736,+43d57m17.96s,43.9549884,8.17058,78.5199,62.63613,318.67235,4.839251,2.09856,-4.36055,177.594,5.60203
Kepler-186 e,Kepler-186,e,NA,NA,1,5,0,Transit,Published Confirmed,22.407704,0.11,1.27,0.113,NA,NA,NA,NA,NA,NA,NA,NA,NA,NA,NA,NA,NA,NA,2454986.8006,BJD,0,0.31,NA,NA,NA,0.02465,NA,NA,NA,NA,NA,NA,M1,3788,0.47,0.48,-0.28,[M/H],-1.385,4.77,4,6.4,NA,NA,NA,19h54m36.66s,298.652736,+43d57m17.96s,43.9549884,8.17058,78.5199,62.63613,318.67235,4.839251,2.09856,-4.36055,177.594,5.60203
Kepler-186 f,Kepler-186,f,NA,NA,1,5,0,Transit,Published Confirmed,129.9459,0.356,1.11,0.099,NA,NA,NA,NA,NA,NA,NA,NA,NA,NA,NA,0.32,NA,NA,2455009.8183,BJD,0,0.43,NA,NA,NA,0.02144,NA,NA,NA,NA,NA,NA,M1,3788,0.47,0.48,-0.28,[M/H],-1.385,4.77,4,6.4,NA,NA,NA,19h54m36.66s,298.652736,+43d57m17.96s,43.9549884,8.17058,78.5199,62.63613,318.67235,4.839251,2.09856,-4.36055,177.594,5.60203
Kepler-205 b,Kepler-205,b,NA,NA,1,2,0,Transit,Published Confirmed,2.75560188,0.03068,1.32,0.118,NA,NA,NA,NA,NA,NA,NA,NA,NA,NA,NA,NA,672,NA,NA,NA,0,NA,NA,NA,NA,0.025,NA,NA,NA,NA,NA,NA,M1 V,3834,0.48,0.51,-0.25,[M/H],NA,NA,NA,NA,NA,NA,NA,19h01m08.81s,285.2866912,+41d51m39.37s,41.8609357,16.03463,72.1976,63.90005,296.50451,89.0823812,-72.6137,-51.6035,159.72,6.23202
Kepler-205 c,Kepler-205,c,NA,NA,1,2,0,Transit,Published Confirmed,20.30707932,0.11617,1.22,0.109,NA,NA,NA,NA,NA,NA,NA,NA,NA,NA,NA,NA,345,NA,NA,NA,0,NA,NA,NA,NA,0.023,NA,NA,NA,NA,NA,NA,M1 V,3834,0.48,0.51,-0.25,[M/H],NA,NA,NA,NA,NA,NA,NA,19h01m08.81s,285.2866912,+41d51m39.37s,41.8609357,16.03463,72.1976,63.90005,296.50451,89.0823812,-72.6137,-51.6035,159.72,6.23202
Kepler-21 b,Kepler-21,b,NA,HIP 94112,2,1,0,Transit,Published Confirmed,2.785755,0.042507,1.635,0.146,10.4,0.033,NA,NA,NA,NA,10.4,0.033,Mass,12.9,0,NA,1956,82.58,2455093.8369,BJD,0,0.64,NA,3.438666,4.91,0.00806,NA,NA,NA,NA,NA,NA,F6 IV,6131,1.86,1.34,-0.15,[Fe/H],NA,4.02,2.84,0.2886,7.75,NA,-19.1,19h09m26.87s,287.3619673,+38d42m50.90s,38.7141384,13.33672,69.85644,60.46565,298.18275,39.9798601,27.951,28.5855,108.522,9.18591
Kepler-210 b,Kepler-210,b,NA,NA,1,2,0,Transit,Published Confirmed,2.45322394,0.0292,2.24,0.2,NA,NA,NA,NA,NA,NA,NA,NA,NA,NA,NA,NA,734,NA,NA,NA,0,NA,NA,NA,NA,0.039,NA,NA,NA,NA,NA,NA,M0 V,3914,0.53,0.55,-0.12,[M/H],NA,NA,NA,NA,NA,NA,NA,19h30m00.82s,292.5034196,+43d04m59.59s,43.0832188,11.68733,75.60062,63.52067,308.82104,16.3157476,7.46216,14.5093,232.75,4.26755
Kepler-210 c,Kepler-210,c,NA,NA,1,2,0,Transit,Published Confirmed,7.9725132,0.06406,3.39,0.302,NA,NA,NA,NA,NA,NA,NA,NA,NA,NA,NA,NA,495,NA,NA,NA,1,NA,NA,NA,NA,0.059,NA,NA,NA,NA,NA,NA,M0 V,3914,0.53,0.55,-0.12,[M/H],NA,NA,NA,NA,NA,NA,NA,19h30m00.82s,292.5034196,+43d04m59.59s,43.0832188,11.68733,75.60062,63.52067,308.82104,16.3157476,7.46216,14.5093,232.75,4.26755
Kepler-22 b,Kepler-22,b,NA,NA,1,1,0,Transit,Published Confirmed,289.8623,0.849,2.38,0.212,36,0.113,NA,NA,NA,NA,36,0.113,Mass,14.7,0,NA,262,89.764,2454966.6983,BJD,0,0.768,NA,7.415,186.4,0.0222,NA,NA,NA,NA,NA,NA,G5 V,5518,0.98,0.97,-0.29,[Fe/H],-0.102,4.44,NA,1.458,0.6,NA,NA,19h16m52.13s,289.2172051,+47d53m02.91s,47.8841427,15.79232,79.09152,68.82423,307.66339,77.618339,-39.7173,-66.6869,194.642,5.10883
Kepler-225 b,Kepler-225,b,NA,NA,1,2,0,Transit,Published Confirmed,6.73880005,0.05407,1.26,0.112,NA,NA,NA,NA,NA,NA,NA,NA,NA,NA,NA,NA,465,NA,NA,NA,0,NA,NA,NA,NA,0.026,NA,NA,NA,NA,NA,NA,M1 V,3682,0.44,0.46,-0.11,[M/H],NA,NA,NA,NA,NA,NA,NA,19h28m46.56s,292.1939846,+47d27m25.49s,47.4570808,13.78927,79.53972,67.66856,312.23259,6.1235561,-3.90462,-4.71719,561.101,1.75441
Kepler-225 c,Kepler-225,c,NA,NA,1,2,0,Transit,Published Confirmed,18.79523087,0.10714,1.74,0.155,NA,NA,NA,NA,NA,NA,NA,NA,NA,NA,NA,NA,330,NA,NA,NA,0,NA,NA,NA,NA,0.036,NA,NA,NA,NA,NA,NA,M1 V,3682,0.44,0.46,-0.11,[M/H],NA,NA,NA,NA,NA,NA,NA,19h28m46.56s,292.1939846,+47d27m25.49s,47.4570808,13.78927,79.53972,67.66856,312.23259,6.1235561,-3.90462,-4.71719,561.101,1.75441
Kepler-231 c,Kepler-231,c,NA,NA,1,2,0,Transit,Published Confirmed,19.26930046,0.1121,1.69,0.151,NA,NA,NA,NA,NA,NA,NA,NA,NA,NA,NA,NA,345,NA,NA,NA,1,NA,NA,NA,NA,0.032,NA,NA,NA,NA,NA,NA,M1 V,3767,0.48,0.51,-0.1,[M/H],NA,NA,NA,NA,NA,NA,NA,19h35m53.61s,293.9733913,+50d31m54.65s,50.531846,14.06137,82.91642,69.93611,318.83238,13.5889675,5.04041,-12.6196,316.618,3.12995
Kepler-235 b,Kepler-235,b,NA,NA,1,4,0,Transit,Published Confirmed,3.34024,0.03487,2.06,0.184,NA,NA,NA,NA,NA,NA,NA,NA,NA,NA,NA,NA,638,NA,NA,NA,0,NA,NA,NA,NA,0.039,NA,NA,NA,NA,NA,NA,M0 V,3887,0.48,0.51,-0.36,[M/H],NA,NA,NA,NA,NA,NA,NA,19h04m18.98s,286.0790779,+39d16m41.65s,39.278237,14.47665,69.97316,61.24824,296.46477,19.2292481,-4.23278,-18.7576,428.018,2.30818
Kepler-235 d,Kepler-235,d,NA,NA,1,4,0,Transit,Published Confirmed,20.06085968,0.11521,1.84,0.164,NA,NA,NA,NA,NA,NA,NA,NA,NA,NA,NA,NA,351,NA,NA,NA,0,NA,NA,NA,NA,0.035,NA,NA,NA,NA,NA,NA,M0 V,3887,0.48,0.51,-0.36,[M/H],NA,NA,NA,NA,NA,NA,NA,19h04m18.98s,286.0790779,+39d16m41.65s,39.278237,14.47665,69.97316,61.24824,296.46477,19.2292481,-4.23278,-18.7576,428.018,2.30818
Kepler-235 e,Kepler-235,e,NA,NA,1,4,0,Transit,Published Confirmed,46.18510056,0.20087,1.79,0.16,NA,NA,NA,NA,NA,NA,NA,NA,NA,NA,NA,NA,266,NA,NA,NA,0,NA,NA,NA,NA,0.034,NA,NA,NA,NA,NA,NA,M0 V,3887,0.48,0.51,-0.36,[M/H],NA,NA,NA,NA,NA,NA,NA,19h04m18.98s,286.0790779,+39d16m41.65s,39.278237,14.47665,69.97316,61.24824,296.46477,19.2292481,-4.23278,-18.7576,428.018,2.30818
Kepler-236 c,Kepler-236,c,NA,NA,1,2,0,Transit,Published Confirmed,23.97159958,0.13215,1.84,0.164,NA,NA,NA,NA,NA,NA,NA,NA,NA,NA,NA,NA,325,NA,NA,NA,0,NA,NA,NA,NA,0.033,NA,NA,NA,NA,NA,NA,M1 V,3750,0.51,0.54,0.08,[M/H],NA,NA,NA,NA,NA,NA,NA,18h55m27.94s,283.8664285,+39d53m53.49s,39.8981928,16.28889,69.88341,62.22342,293.2331,23.5161136,9.24808,21.6213,288.763,3.4344
Kepler-249 b,Kepler-249,b,NA,NA,1,3,0,Transit,Published Confirmed,3.3065691,0.03303,0.96,0.086,NA,NA,NA,NA,NA,NA,NA,NA,NA,NA,NA,NA,562,NA,NA,NA,0,NA,NA,NA,NA,0.021,NA,NA,NA,NA,NA,NA,M2 V,3568,0.42,0.44,0.02,[M/H],NA,NA,NA,NA,NA,NA,NA,19h47m56.47s,296.9853002,+43d39m30.98s,43.6586043,9.07073,77.65836,62.85297,316.00776,37.8254599,33.5245,17.5178,190.401,5.22348
Kepler-249 c,Kepler-249,c,NA,NA,1,3,0,Transit,Published Confirmed,7.11388016,0.05504,1.28,0.114,NA,NA,NA,NA,NA,NA,NA,NA,NA,NA,NA,NA,435,NA,NA,NA,0,NA,NA,NA,NA,0.028,NA,NA,NA,NA,NA,NA,M2 V,3568,0.42,0.44,0.02,[M/H],NA,NA,NA,NA,NA,NA,NA,19h47m56.47s,296.9853002,+43d39m30.98s,43.6586043,9.07073,77.65836,62.85297,316.00776,37.8254599,33.5245,17.5178,190.401,5.22348
Kepler-249 d,Kepler-249,d,NA,NA,1,3,0,Transit,Published Confirmed,15.36812973,0.09198,1.33,0.119,NA,NA,NA,NA,NA,NA,NA,NA,NA,NA,NA,NA,336,NA,NA,NA,0,NA,NA,NA,NA,0.029,NA,NA,NA,NA,NA,NA,M2 V,3568,0.42,0.44,0.02,[M/H],NA,NA,NA,NA,NA,NA,NA,19h47m56.47s,296.9853002,+43d39m30.98s,43.6586043,9.07073,77.65836,62.85297,316.00776,37.8254599,33.5245,17.5178,190.401,5.22348
Kepler-25 b,Kepler-25,b,NA,NA,2,3,0,Transit,Published Confirmed,6.23853479,NA,NA,NA,0.0275,9e-5,NA,NA,NA,NA,0.0275,9e-5,Mass,NA,0.0029,NA,NA,87.173,2458648.00807,BJD-TDB,1,NA,NA,NA,NA,NA,NA,NA,NA,NA,NA,NA,F8,6354,1.32,1.17,NA,NA,NA,NA,2.75,NA,8.89,NA,NA,19h06m33.21s,286.6383905,+39d29m16.45s,39.4879038,14.16403,70.34971,61.35127,297.442,6.185693,-0.454812,6.16895,243.249,4.08224
Kepler-25 c,Kepler-25,c,NA,NA,2,3,0,Transit,Published Confirmed,12.72037049,NA,NA,NA,0.0479,1.5e-4,NA,NA,NA,NA,0.0479,1.5e-4,Mass,NA,0.0061,NA,NA,87.236,2458649.55482,BJD-TDB,1,0.8826,NA,2.862,18.336,0.03637,NA,NA,NA,NA,-0.9,NA,F8,6354,1.32,1.17,NA,NA,NA,NA,2.75,NA,8.89,NA,NA,19h06m33.21s,286.6383905,+39d29m16.45s,39.4879038,14.16403,70.34971,61.35127,297.442,6.185693,-0.454812,6.16895,243.249,4.08224
Kepler-252 c,Kepler-252,c,NA,NA,1,2,0,Transit,Published Confirmed,10.84846973,0.08145,2.4,0.214,NA,NA,NA,NA,NA,NA,NA,NA,NA,NA,NA,NA,501,NA,NA,NA,0,NA,NA,NA,NA,0.037,NA,NA,NA,NA,NA,NA,M0 V,4208,0.59,0.61,-0.19,[M/H],NA,NA,NA,NA,NA,NA,NA,19h42m19.04s,295.579329,+44d32m45.26s,44.5459052,10.38166,77.95933,64.0664,314.71379,10.5463699,-2.48922,-10.2484,379.424,2.60696
Kepler-26 b,Kepler-26,b,NA,NA,1,4,0,Transit,Published Confirmed,12.28235626,0.08551,2.83,0.252,NA,NA,NA,NA,NA,NA,NA,NA,NA,NA,NA,NA,427,NA,NA,NA,1,NA,NA,NA,NA,0.049,NA,NA,NA,NA,NA,NA,M0 V,3887,0.53,0.55,-0.08,[M/H],NA,NA,NA,NA,NA,NA,NA,18h59m45.86s,284.9410627,+46d33m59.22s,46.5664505,17.99282,76.67999,68.50992,298.93411,16.909332,9.54023,-13.961,335.307,2.95373
Kepler-26 c,Kepler-26,c,NA,NA,1,4,0,Transit,Published Confirmed,17.25204086,0.10725,2.83,0.252,NA,NA,NA,NA,NA,NA,NA,NA,NA,NA,NA,NA,381,NA,NA,NA,1,NA,NA,NA,NA,0.049,NA,NA,NA,NA,NA,NA,M0 V,3887,0.53,0.55,-0.08,[M/H],NA,NA,NA,NA,NA,NA,NA,18h59m45.86s,284.9410627,+46d33m59.22s,46.5664505,17.99282,76.67999,68.50992,298.93411,16.909332,9.54023,-13.961,335.307,2.95373
Kepler-26 d,Kepler-26,d,NA,NA,1,4,0,Transit,Published Confirmed,3.54387093,0.03734,0.98,0.087,NA,NA,NA,NA,NA,NA,NA,NA,NA,NA,NA,NA,646,NA,NA,NA,0,NA,NA,NA,NA,0.017,NA,NA,NA,NA,NA,NA,M0 V,3887,0.53,0.55,-0.08,[M/H],NA,NA,NA,NA,NA,NA,NA,18h59m45.86s,284.9410627,+46d33m59.22s,46.5664505,17.99282,76.67999,68.50992,298.93411,16.909332,9.54023,-13.961,335.307,2.95373
Kepler-267 b,Kepler-267,b,NA,NA,1,3,0,Transit,Published Confirmed,3.35368204,0.0346,1.79,0.16,NA,NA,NA,NA,NA,NA,NA,NA,NA,NA,NA,NA,617,NA,NA,NA,0,NA,NA,NA,NA,0.035,NA,NA,NA,NA,NA,NA,M1 V,3807,0.47,0.49,-0.26,[M/H],NA,NA,NA,NA,NA,NA,NA,19h59m19.34s,299.8305655,+47d09m27.27s,47.1575741,9.07311,81.73773,65.14379,323.57739,37.2324164,28.5864,23.8552,264.993,3.74529
Kepler-28 b,Kepler-28,b,NA,NA,1,2,0,Transit,Published Confirmed,5.91212988,0.05375,1.86,0.166,NA,NA,NA,NA,NA,NA,NA,NA,NA,NA,NA,NA,583,NA,NA,NA,1,NA,NA,NA,NA,0.03,NA,NA,NA,NA,NA,NA,M0 V,4072,0.57,0.59,-0.17,[M/H],NA,NA,NA,NA,NA,NA,NA,19h28m32.89s,292.1370409,+42d25m46.14s,42.4294835,11.63869,74.88051,62.99521,307.77007,11.70187,-0.487762,11.6917,438.359,2.25265
Kepler-28 c,Kepler-28,c,NA,NA,1,2,0,Transit,Published Confirmed,8.98596954,0.07106,1.73,0.154,NA,NA,NA,NA,NA,NA,NA,NA,NA,NA,NA,NA,507,NA,NA,NA,1,NA,NA,NA,NA,0.028,NA,NA,NA,NA,NA,NA,M0 V,4072,0.57,0.59,-0.17,[M/H],NA,NA,NA,NA,NA,NA,NA,19h28m32.89s,292.1370409,+42d25m46.14s,42.4294835,11.63869,74.88051,62.99521,307.77007,11.70187,-0.487762,11.6917,438.359,2.25265
Kepler-296 b,Kepler-296,b,NA,NA,2,5,0,Transit,Published Confirmed,3.621387,0.03341,1.01,0.09,NA,NA,NA,NA,NA,NA,NA,NA,NA,NA,NA,NA,515,NA,NA,NA,0,NA,NA,NA,NA,0.025,NA,NA,NA,NA,NA,NA,M2 V,3517,0.37,0.38,-0.07,[M/H],NA,NA,NA,NA,NA,NA,NA,19h06m09.61s,286.5400278,+49d26m14.14s,49.4372614,18.01445,79.90117,70.90355,304.45792,11.640282,1.8396,-11.494,NA,NA
Kepler-296 c,Kepler-296,c,NA,NA,2,5,0,Transit,Published Confirmed,5.84161806,0.04595,1.53,0.136,NA,NA,NA,NA,NA,NA,NA,NA,NA,NA,NA,NA,439,NA,NA,NA,0,NA,NA,NA,NA,0.038,NA,NA,NA,NA,NA,NA,M2 V,3517,0.37,0.38,-0.07,[M/H],NA,NA,NA,NA,NA,NA,NA,19h06m09.61s,286.5400278,+49d26m14.14s,49.4372614,18.01445,79.90117,70.90355,304.45792,11.640282,1.8396,-11.494,NA,NA
Kepler-296 d,Kepler-296,d,NA,NA,2,5,0,Transit,Published Confirmed,19.85037041,0.10386,1.45,0.129,NA,NA,NA,NA,NA,NA,NA,NA,NA,NA,NA,NA,292,NA,NA,NA,0,NA,NA,NA,NA,0.036,NA,NA,NA,NA,NA,NA,M2 V,3517,0.37,0.38,-0.07,[M/H],NA,NA,NA,NA,NA,NA,NA,19h06m09.61s,286.5400278,+49d26m14.14s,49.4372614,18.01445,79.90117,70.90355,304.45792,11.640282,1.8396,-11.494,NA,NA
Kepler-303 b,Kepler-303,b,NA,NA,1,2,0,Transit,Published Confirmed,1.937029,0.02452,0.99,0.088,NA,NA,NA,NA,NA,NA,NA,NA,NA,NA,NA,NA,790,NA,NA,NA,0,NA,NA,NA,NA,0.018,NA,NA,NA,NA,NA,NA,M0 V,3944,0.51,0.52,-0.36,[M/H],NA,NA,NA,NA,NA,NA,NA,18h52m32.51s,283.1354742,+43d39m24.13s,43.6567036,18.160520000000002,73.34339,66.01167,293.85075,76.8273427,2.43642,-76.7887,209.738,4.73901
Kepler-309 b,Kepler-309,b,NA,NA,1,2,0,Transit,Published Confirmed,5.9236002,0.05132,1.12,0.1,NA,NA,NA,NA,NA,NA,NA,NA,NA,NA,NA,NA,529,NA,NA,NA,0,NA,NA,NA,NA,0.021,NA,NA,NA,NA,NA,NA,M0 V,3880,0.49,0.51,-0.28,[M/H],NA,NA,NA,NA,NA,NA,NA,19h50m02.37s,297.5098911,+46d57m41.08s,46.9614121,10.34936,80.77053,65.69476,319.98349,35.0626106,3.69568,34.8673,544.568,1.80766
Kepler-309 c,Kepler-309,c,NA,NA,1,2,0,Transit,Published Confirmed,105.35510254,0.34966,1.71,0.153,NA,NA,NA,NA,NA,NA,NA,NA,NA,NA,NA,NA,202,NA,NA,NA,1,NA,NA,NA,NA,0.032,NA,NA,NA,NA,NA,NA,M0 V,3880,0.49,0.51,-0.28,[M/H],NA,NA,NA,NA,NA,NA,NA,19h50m02.37s,297.5098911,+46d57m41.08s,46.9614121,10.34936,80.77053,65.69476,319.98349,35.0626106,3.69568,34.8673,544.568,1.80766
Kepler-32 b,Kepler-32,b,NA,NA,1,5,0,Transit,Published Confirmed,5.90125513,0.05151,2.02,0.18,NA,NA,NA,NA,NA,NA,NA,NA,NA,NA,NA,NA,512,NA,NA,NA,1,NA,NA,NA,NA,0.037,NA,NA,NA,NA,NA,NA,M1 V,3727,0.5,0.52,0.04,[M/H],NA,NA,NA,NA,NA,NA,NA,19h51m22.15s,297.8423073,+46d34m27.69s,46.5743595,9.96232,80.53919,65.24682,320.05971,23.9037367,-13.6176,19.6456,323.847,3.05948
Kepler-32 b,Kepler-32,b,NA,NA,1,5,0,Transit,Published Confirmed,5.9012,0.0519,2.2,0.196,NA,NA,NA,NA,NA,NA,NA,NA,NA,NA,NA,NA,530,NA,NA,NA,1,NA,NA,NA,NA,NA,NA,NA,NA,NA,NA,NA,M1 V,3793,0.53,0.54,-0.01,[Fe/H],NA,NA,2,NA,NA,NA,-32.5,19h51m22.15s,297.8423073,+46d34m27.69s,46.5743595,9.96232,80.53919,65.24682,320.05971,23.9037367,-13.6176,19.6456,323.847,3.05948
Kepler-32 c,Kepler-32,c,NA,NA,1,5,0,Transit,Published Confirmed,8.7522,0.067,2,0.178,NA,NA,NA,NA,NA,NA,NA,NA,NA,NA,NA,NA,470,NA,NA,NA,1,NA,NA,NA,NA,NA,NA,NA,NA,NA,NA,NA,M1 V,3793,0.53,0.54,-0.01,[Fe/H],NA,NA,2,NA,NA,NA,-32.5,19h51m22.15s,297.8423073,+46d34m27.69s,46.5743595,9.96232,80.53919,65.24682,320.05971,23.9037367,-13.6176,19.6456,323.847,3.05948
Kepler-32 c,Kepler-32,c,NA,NA,1,5,0,Transit,Published Confirmed,8.75245953,0.06699,2.08,0.186,NA,NA,NA,NA,NA,NA,NA,NA,NA,NA,NA,NA,449,NA,NA,NA,1,NA,NA,NA,NA,0.038,NA,NA,NA,NA,NA,NA,M1 V,3727,0.5,0.52,0.04,[M/H],NA,NA,NA,NA,NA,NA,NA,19h51m22.15s,297.8423073,+46d34m27.69s,46.5743595,9.96232,80.53919,65.24682,320.05971,23.9037367,-13.6176,19.6456,323.847,3.05948
Kepler-32 d,Kepler-32,d,NA,NA,1,5,0,Transit,Published Confirmed,22.78033066,0.12676,2.18,0.194,NA,NA,NA,NA,NA,NA,NA,NA,NA,NA,NA,NA,326,NA,NA,NA,0,NA,NA,NA,NA,0.04,NA,NA,NA,NA,NA,NA,M1 V,3727,0.5,0.52,0.04,[M/H],NA,NA,NA,NA,NA,NA,NA,19h51m22.15s,297.8423073,+46d34m27.69s,46.5743595,9.96232,80.53919,65.24682,320.05971,23.9037367,-13.6176,19.6456,323.847,3.05948
Kepler-32 d,Kepler-32,d,NA,NA,1,5,0,Transit,Published Confirmed,22.7802,0.128,2.7,0.241,NA,NA,NA,NA,NA,NA,NA,NA,NA,NA,NA,NA,340,NA,NA,NA,0,NA,NA,NA,NA,NA,NA,NA,NA,NA,NA,NA,M1 V,3793,0.53,0.54,-0.01,[Fe/H],NA,NA,2,NA,NA,NA,-32.5,19h51m22.15s,297.8423073,+46d34m27.69s,46.5743595,9.96232,80.53919,65.24682,320.05971,23.9037367,-13.6176,19.6456,323.847,3.05948
Kepler-32 e,Kepler-32,e,NA,NA,1,5,0,Transit,Published Confirmed,2.896029,0.03205,1.04,0.093,NA,NA,NA,NA,NA,NA,NA,NA,NA,NA,NA,NA,650,NA,NA,NA,0,NA,NA,NA,NA,0.019,NA,NA,NA,NA,NA,NA,M1 V,3727,0.5,0.52,0.04,[M/H],NA,NA,NA,NA,NA,NA,NA,19h51m22.15s,297.8423073,+46d34m27.69s,46.5743595,9.96232,80.53919,65.24682,320.05971,23.9037367,-13.6176,19.6456,323.847,3.05948
Kepler-32 e,Kepler-32,e,NA,NA,1,5,0,Transit,Published Confirmed,2.896,0.0323,1.5,0.134,NA,NA,NA,NA,NA,NA,NA,NA,NA,NA,NA,NA,680,NA,NA,NA,0,NA,NA,NA,NA,NA,NA,NA,NA,NA,NA,NA,M1 V,3793,0.53,0.54,-0.01,[Fe/H],NA,NA,2,NA,NA,NA,-32.5,19h51m22.15s,297.8423073,+46d34m27.69s,46.5743595,9.96232,80.53919,65.24682,320.05971,23.9037367,-13.6176,19.6456,323.847,3.05948
Kepler-32 f,Kepler-32,f,NA,NA,1,5,0,Transit,Published Confirmed,0.74296,0.013,0.81,0.072,NA,NA,NA,NA,NA,NA,NA,NA,NA,NA,NA,NA,1100,NA,NA,NA,0,NA,NA,NA,NA,NA,NA,NA,NA,NA,NA,NA,M1 V,3793,0.53,0.54,-0.01,[Fe/H],NA,NA,2,NA,NA,NA,-32.5,19h51m22.15s,297.8423073,+46d34m27.69s,46.5743595,9.96232,80.53919,65.24682,320.05971,23.9037367,-13.6176,19.6456,323.847,3.05948
Kepler-38 b,Kepler-38,b,NA,NA,2,1,1,Transit,Published Confirmed,105.599,0.4632,4.3,0.384,122,0.384,NA,NA,NA,NA,122,0.384,Mass,NA,0.032,NA,475,89.442,2454932.104,BJD-TDB,0,NA,0.05,NA,NA,0.02254,NA,NA,NA,NA,NA,NA,G4 V,5623,1.75,0.94,-0.11,[M/H],NA,3.93,10,0.175,2.4,NA,NA,19h07m19.27s,286.830312,+42d16m44.92s,42.2791434,15.13897,73.05727,64.01769,299.27022,13.9555186,-4.64813,-13.1587,1174.59,0.822516
Kepler-39 b,Kepler-39,b,NA,NA,1,1,0,Transit,Published Confirmed,21.0874,0.155,13.68,1.22,5720.7,18,NA,NA,NA,NA,5720.7,18,Mass,12.4,0.121,NA,905,88.83,2454972.5959,BJD,1,0.43,NA,6.02,23.8,0.0896,NA,NA,98.9,1251,NA,NA,F7 IV,6260,1.39,1.1,-0.29,[Fe/H],NA,4.1,4.4,0.57,16,NA,-0.1,19h47m50.48s,296.9603348,+46d02m03.46s,46.0342954,10.23403,79.75961,65.02593,318.19585,4.5232073,3.89046,-2.30732,1057.41,0.917064
Kepler-39 b,Kepler-39,b,NA,NA,1,1,0,Transit,Published Confirmed,21.08721,0.164,13.9,1.24,6388.1,20.1,NA,NA,NA,NA,6388.1,20.1,Mass,13,0.112,NA,897,89.07,2455942.60708,BJD-TDB,1,0.36,NA,5.96,24.92,0.091,NA,NA,99,1257,NA,NA,F7 V,6350,1.4,1.29,0.1,[Fe/H],NA,4.4,2.1,0.66,16,NA,-0.06,19h47m50.48s,296.9603348,+46d02m03.46s,46.0342954,10.23403,79.75961,65.02593,318.19585,4.5232073,3.89046,-2.30732,1057.41,0.917064
Kepler-40 b,Kepler-40,b,NA,NA,1,1,0,Transit,Published Confirmed,6.87349,0.08,13.11,1.17,699.2,2.2,NA,NA,NA,NA,699.2,2.2,Mass,1.68,0,NA,1620,89.7,2455005.5198,BJD,0,0.045,NA,6.86,8.11,0.0565,NA,NA,NA,179,NA,NA,F5 IV,6510,2.13,1.48,0.1,[Fe/H],NA,3.94,2.8,0.213,9,NA,6.57,19h47m15.29s,296.8136883,+47d31m35.56s,47.5265446,11.03503,81.04474,66.41163,319.565,6.9331051,-1.53612,-6.76079,2305.01,0.405118
Kepler-41 b,Kepler-41,b,NA,NA,1,1,0,Transit,Published Confirmed,1.85555756,NA,NA,NA,NA,NA,NA,NA,NA,NA,NA,NA,NA,NA,NA,NA,NA,82.214,2455664.159537,BJD-TDB,0,NA,NA,NA,5.053,0.10253,NA,NA,NA,NA,NA,NA,G6 V,5620,1.02,1.12,0.29,[Fe/H],NA,4.47,0.65,1.46,6,NA,-27.07,19h38m03.18s,294.5132465,+45d58m53.92s,45.9816453,11.7114,78.90205,65.68197,314.43311,4.2685481,3.03718,2.99934,1093.08,0.886442
Kepler-41 b,Kepler-41,b,NA,NA,1,1,0,Transit,Published Confirmed,1.855558,0.03,9.98,0.89,174.8,0.55,NA,NA,NA,NA,174.8,0.55,Mass,1.1,0,NA,1730,88.3,2454970.1803,BJD,0,0.19,NA,2.376,6.43,0.0895,NA,NA,NA,85,NA,NA,G6 V,5620,1.02,1.12,0.29,[Fe/H],NA,4.47,0.65,1.46,6,NA,-27.07,19h38m03.18s,294.5132465,+45d58m53.92s,45.9816453,11.7114,78.90205,65.68197,314.43311,4.2685481,3.03718,2.99934,1093.08,0.886442
Kepler-41 b,Kepler-41,b,NA,NA,1,1,0,Transit,Published Confirmed,1.8555582,0.03101,14.46,1.29,177.98,0.56,NA,NA,NA,NA,177.98,0.56,Mass,0.33,0,NA,1790,82.51,2455187.280482,BJD-TDB,0,0.672,NA,2.4341,5.159,0.10265,NA,NA,NA,84,NA,NA,G2 V,5750,1.29,1.15,0.38,[Fe/H],NA,4.28,4.4,0.754,6,NA,-27.07,19h38m03.18s,294.5132465,+45d58m53.92s,45.9816453,11.7114,78.90205,65.68197,314.43311,4.2685481,3.03718,2.99934,1093.08,0.886442
Kepler-411 b,Kepler-411,b,NA,NA,2,4,0,Transit,Published Confirmed,3.005156,0.0375,2.401,0.214,25.6,0.08055,NA,NA,NA,NA,25.6,0.08055,Mass,10.3,0.146,NA,1138,87.4,2455135.3874,BJD-TDB,1,0.574,NA,NA,NA,0.0266,NA,NA,41.5,NA,NA,NA,K2 V,NA,0.82,0.87,NA,NA,NA,NA,0.212,NA,NA,10.4,NA,19h10m25.37s,287.6057027,+49d31m24.22s,49.5233937,17.40063,80.24936,70.73793,306.5211,35.2938724,13.516,32.6033,153.676,6.47831
Kepler-411 c,Kepler-411,c,NA,NA,2,4,0,Transit,Published Confirmed,7.834435,0.0739,4.421,0.394,26.4,0.08306,NA,NA,NA,NA,26.4,0.08306,Mass,1.7,0.108,NA,838,88.61,2454968.2224,BJD-TDB,1,0.62,NA,NA,NA,0.0449,NA,NA,103,NA,NA,NA,K2 V,NA,0.82,0.87,NA,NA,NA,NA,0.212,NA,NA,10.4,NA,19h10m25.37s,287.6057027,+49d31m24.22s,49.5233937,17.40063,80.24936,70.73793,306.5211,35.2938724,13.516,32.6033,153.676,6.47831
Kepler-411 d,Kepler-411,d,NA,NA,2,4,0,Transit,Published Confirmed,58.02035,0.279,3.319,0.296,15.2,0.04782,NA,NA,NA,NA,15.2,0.04782,Mass,2.3,0.128,NA,410,89.43,2454984.8484,BJD-TDB,1,0.7193,NA,NA,NA,0.0372,NA,NA,30.5,NA,NA,NA,K2 V,NA,0.82,0.87,NA,NA,NA,NA,0.212,NA,NA,10.4,NA,19h10m25.37s,287.6057027,+49d31m24.22s,49.5233937,17.40063,80.24936,70.73793,306.5211,35.2938724,13.516,32.6033,153.676,6.47831
Kepler-411 e,Kepler-411,e,NA,NA,2,4,0,Transit Timing Variations,Published Confirmed,31.509728,0.186,NA,NA,10.8,0.03398,NA,NA,NA,NA,10.8,0.03398,Mass,NA,0.016,NA,503,88.04,NA,NA,0,1.688,NA,NA,NA,NA,NA,NA,-103.3,NA,NA,NA,K2 V,NA,0.82,0.87,NA,NA,NA,NA,0.212,NA,NA,10.4,NA,19h10m25.37s,287.6057027,+49d31m24.22s,49.5233937,17.40063,80.24936,70.73793,306.5211,35.2938724,13.516,32.6033,153.676,6.47831
Kepler-412 b,Kepler-412,b,NA,NA,1,1,0,Transit,Published Confirmed,1.72086123,0.02959,14.852,1.325,298.43,0.939,NA,NA,NA,NA,298.43,0.939,Mass,0.501,0.0038,NA,NA,80.89,2454966.021033,BJD,1,0.781,NA,2.077,4.947,0.1058,NA,NA,125,142,NA,NA,G3 V,5750,1.29,1.17,0.27,[Fe/H],NA,4.3,5.1,0.771,5,NA,-54.58,19h04m26.47s,286.1103053,+43d40m51.46s,43.6809612,16.1661,74.18899,65.50891,298.94865,7.217735,-1.69101,7.01685,1086.24,0.891809
Kepler-42 b,Kepler-42,b,NA,NA,1,3,0,Transit,Published Confirmed,1.21377206,0.01153,0.92,0.082,NA,NA,NA,NA,NA,NA,NA,NA,NA,NA,NA,NA,526,NA,NA,NA,0,NA,NA,NA,NA,0.053,NA,NA,NA,NA,NA,NA,M4 V,3203,0.16,0.14,-0.33,[M/H],NA,NA,NA,NA,NA,NA,NA,19h28m52.70s,292.2196,+44d37m02.52s,44.6173667,12.54674,76.91718,65.02986,309.61228,427.6819742,93.1258,-417.42,40.0595,24.934
Kepler-42 b,Kepler-42,b,NA,NA,1,3,0,Transit,Published Confirmed,1.2137672,0.0116,0.78,0.07,NA,NA,NA,NA,NA,NA,NA,NA,NA,NA,NA,NA,519,NA,2455003.48329,BJD,0,0.711,NA,NA,NA,0.0419,NA,NA,NA,NA,NA,NA,M,3068,0.17,0.13,-0.33,[M/H],-2.62,NA,4.5,NA,3.3,NA,-84.48,19h28m52.70s,292.2196,+44d37m02.52s,44.6173667,12.54674,76.91718,65.02986,309.61228,427.6819742,93.1258,-417.42,40.0595,24.934
Kepler-42 c,Kepler-42,c,NA,NA,1,3,0,Transit,Published Confirmed,0.45328799,0.00598,3.38,0.302,NA,NA,NA,NA,NA,NA,NA,NA,NA,NA,NA,NA,730,NA,NA,NA,0,NA,NA,NA,NA,0.194,NA,NA,NA,NA,NA,NA,M4 V,3203,0.16,0.14,-0.33,[M/H],NA,NA,NA,NA,NA,NA,NA,19h28m52.70s,292.2196,+44d37m02.52s,44.6173667,12.54674,76.91718,65.02986,309.61228,427.6819742,93.1258,-417.42,40.0595,24.934
Kepler-42 c,Kepler-42,c,NA,NA,1,3,0,Transit,Published Confirmed,0.45328509,0.006,0.73,0.065,NA,NA,NA,NA,NA,NA,NA,NA,NA,NA,NA,NA,720,NA,2454966.86952,BJD,0,0.52,0.156,NA,NA,0.0395,NA,NA,NA,NA,NA,NA,M,3068,0.17,0.13,-0.33,[M/H],-2.62,NA,4.5,NA,3.3,NA,-84.48,19h28m52.70s,292.2196,+44d37m02.52s,44.6173667,12.54674,76.91718,65.02986,309.61228,427.6819742,93.1258,-417.42,40.0595,24.934
Kepler-42 d,Kepler-42,d,NA,NA,1,3,0,Transit,Published Confirmed,1.86511302,0.01535,2.44,0.218,NA,NA,NA,NA,NA,NA,NA,NA,NA,NA,NA,NA,456,NA,NA,NA,0,NA,NA,NA,NA,0.14,NA,NA,NA,NA,NA,NA,M4 V,3203,0.16,0.14,-0.33,[M/H],NA,NA,NA,NA,NA,NA,NA,19h28m52.70s,292.2196,+44d37m02.52s,44.6173667,12.54674,76.91718,65.02986,309.61228,427.6819742,93.1258,-417.42,40.0595,24.934
Kepler-42 d,Kepler-42,d,NA,NA,1,3,0,Transit,Published Confirmed,1.865169,0.0154,0.57,0.051,NA,NA,NA,NA,NA,NA,NA,NA,NA,NA,NA,NA,450,NA,2454966.7847,BJD,0,0.681,NA,NA,NA,0.0307,NA,NA,NA,NA,NA,NA,M,3068,0.17,0.13,-0.33,[M/H],-2.62,NA,4.5,NA,3.3,NA,-84.48,19h28m52.70s,292.2196,+44d37m02.52s,44.6173667,12.54674,76.91718,65.02986,309.61228,427.6819742,93.1258,-417.42,40.0595,24.934
Kepler-421 b,Kepler-421,b,NA,NA,1,1,0,Transit,Published Confirmed,704.1984,1.219,4.16,0.371,NA,NA,NA,NA,NA,NA,NA,NA,NA,NA,0.041,NA,185,89.965,2455325.7674,BJD-UTC,0,0.21,NA,15.79,346,0.05008,NA,NA,160,NA,NA,NA,G9/K0,5308,0.76,0.79,-0.25,[Fe/H],-0.398,4.61,4,1.58,0,NA,NA,18h53m01.63s,283.2568116,+45d05m15.66s,45.0876823,18.57615,74.78908,67.38448,294.89537,20.788311,-4.01044,-20.3978,348.558,2.84011
Kepler-423 b,Kepler-423,b,NA,NA,1,1,0,Transit,Published Confirmed,2.6843285,0.03585,13.361,1.192,189.101,0.595,NA,NA,NA,NA,189.101,0.595,Mass,0.459,0.019,NA,1605,87.828,2454966.35481,BJD-TDB,0,0.3006,1.5872,2.722,8.106,0.12599,NA,NA,120.26,96.7,NA,NA,G4 V,5560,0.95,0.85,-0.1,[M/H],NA,4.41,11,1.398,2.5,NA,-3.04,19h31m25.37s,292.8557189,+46d23m28.28s,46.3911883,12.92101,78.7526,66.51083,312.22879,4.2579685,-2.00746,3.75505,758.753,1.28941
Kepler-425 b,Kepler-425,b,NA,NA,1,1,0,Transit,Published Confirmed,3.79701816,0.0464,10.962,0.978,79.45,0.25,NA,NA,NA,NA,79.45,0.25,Mass,0.27,0.33,NA,1070,87.02,2454966.508785,BJD,0,0.602,NA,2.353,11.6,0.1168,NA,NA,NA,34,NA,NA,K1 V,5170,0.86,0.93,0.24,[Fe/H],-0.323,4.54,5,1.448,3,NA,-45.4,19h21m25.91s,290.3579781,+40d34m03.71s,40.5676965,12.02393,72.57481,61.63914,303.79804,10.4987288,-4.44858,-9.50965,646.647,1.51803
Kepler-426 b,Kepler-426,b,NA,NA,1,1,0,Transit,Published Confirmed,3.21751883,0.0414,12.22,1.09,108.06,0.34,NA,NA,NA,NA,108.06,0.34,Mass,0.26,0.18,NA,1300,85.74,2454966.631964,BJD,0,0.718,NA,2.191,9.67,0.1221,NA,NA,NA,50,NA,NA,G1 V,5725,0.92,0.91,-0.21,[Fe/H],-0.089,4.47,6,1.17,3,NA,-78.83,19h17m44.32s,289.4346668,+49d28m24.44s,49.473455,16.28256,80.67164,70.24233,309.75751,8.5662857,0.165855,8.56468,843.695,1.15656
Kepler-427 b,Kepler-427,b,NA,NA,1,1,0,Transit,Published Confirmed,10.290994,0.091,13.79,1.23,92.17,0.29,NA,NA,NA,NA,92.17,0.29,Mass,0.16,0.57,NA,1100,89.5,2454970.02207,BJD,0,0.09,NA,4.286,14.2,0.0913,NA,NA,NA,29.8,NA,NA,G2 V,5800,1.35,0.96,-0.19,[Fe/H],0.29,4.14,7,0.4,3,NA,-23.94,19h13m01.10s,288.2545808,+43d42m17.42s,43.7048379,14.74789,74.83939,65.09581,302.52611,7.2368093,2.39112,-6.83037,1017.8,0.953714
Kepler-428 b,Kepler-428,b,NA,NA,1,1,0,Transit,Published Confirmed,3.52563254,0.0433,12.11,1.08,403.63,1.27,NA,NA,NA,NA,403.63,1.27,Mass,1.02,0.22,NA,1070,89.36,2455003.048008,BJD,0,0.13,NA,2.614,11.65,0.1384,NA,NA,NA,188,NA,NA,K1 V,5150,0.8,0.87,0.09,[Fe/H],-0.39,4.57,5,1.704,2,NA,-21.3,19h22m19.62s,290.5817432,+40d34m38.32s,40.5773106,11.87482,72.65879,61.59859,304.14588,15.9217287,1.31659,-15.8672,686.284,1.42912
Kepler-43 b,Kepler-43,b,NA,NA,1,1,0,Transit,Published Confirmed,3.024095,0.0449,13.45,1.2,1026.55,3.23,NA,NA,NA,NA,1026.55,3.23,Mass,2.33,0.025,NA,1637,84.35,2454965.4159,BJD,0,0.67,NA,2.926,6.81,0.0868,NA,NA,NA,375,NA,NA,G0 IV-V,6041,1.42,1.32,0.33,[Fe/H],NA,4.26,2.8,0.65,5.5,NA,-37.59,19h00m57.80s,285.2408288,+46d40m05.67s,46.6682411,17.83658,76.85693,68.54929,299.55235,3.0087774,-3.0026,0.192704,1005.84,0.965345
Kepler-43 b,Kepler-43,b,NA,NA,1,1,0,Transit,Published Confirmed,3.02409309,0.0444,13,1.16,994.77,3.13,NA,NA,NA,NA,994.77,3.13,Mass,2.49,0.017,NA,1628,84.57,2455095.45227,BJD-TDB,0,0.648,NA,2.9,6.93,0.08647,NA,NA,52,373,NA,NA,F8 V,6050,1.38,1.27,0.4,[Fe/H],NA,4.26,2.3,0.69,5.5,NA,-37.59,19h00m57.80s,285.2408288,+46d40m05.67s,46.6682411,17.83658,76.85693,68.54929,299.55235,3.0087774,-3.0026,0.192704,1005.84,0.965345
Kepler-44 b,Kepler-44,b,NA,NA,1,1,0,Transit,Published Confirmed,3.24674,0.0455,13.9,1.24,324.17,1.02,NA,NA,NA,NA,324.17,1.02,Mass,0.65,0.021,NA,1603,83.78,2454966.3781,BJD,0,0.7,NA,3.218,6.45,0.0844,NA,NA,NA,124,NA,NA,G2 IV,5757,1.52,1.19,0.26,[Fe/H],NA,4.15,6.95,0.48,4,NA,-35.89,20h00m24.56s,300.1023512,+45d45m43.89s,45.7621918,8.20087,80.6199,63.81942,322.4682,8.2791744,-0.942696,8.22533,1188,0.81357
Kepler-44 b,Kepler-44,b,NA,NA,1,1,0,Transit,Published Confirmed,3.2467293,0.0446,12.22,1.09,317.82,1,NA,NA,NA,NA,317.82,1,Mass,0.93,0.066,NA,1544,84.96,2455187.1564,BJD-TDB,0,0.62,NA,3.124,7.07,0.0828,NA,NA,NA,125,NA,NA,G2 IV,5800,1.35,1.12,0.15,[Fe/H],NA,4.22,5.8,0.63,4,NA,-35.89,20h00m24.56s,300.1023512,+45d45m43.89s,45.7621918,8.20087,80.6199,63.81942,322.4682,8.2791744,-0.942696,8.22533,1188,0.81357
Kepler-444 b,Kepler-444,b,NA,HIP 94931,3,5,0,Transit,Published Confirmed,3.6001053,0.04178,0.403,0.036,NA,NA,NA,NA,NA,NA,NA,NA,NA,NA,0.16,NA,NA,88,2454966.2599,BJD,0,0.4,NA,NA,11.951,0.00491,NA,NA,NA,NA,NA,NA,K,5046,0.75,0.76,-0.55,[Fe/H],NA,4.56,11.23,2.493,NA,NA,NA,19h19m00.68s,289.7528323,+41d37m54.78s,41.631884,12.89062,73.36096,62.79019,303.53072,639.252787,94.6824,-632.202,36.4396,27.4137
Kepler-444 c,Kepler-444,c,NA,HIP 94931,3,5,0,Transit,Published Confirmed,4.5458841,0.04881,0.497,0.044,NA,NA,NA,NA,NA,NA,NA,NA,NA,NA,0.31,NA,NA,88.2,2454964.522,BJD,0,0.42,NA,NA,13.961,0.00605,NA,NA,NA,NA,NA,NA,K,5046,0.75,0.76,-0.55,[Fe/H],NA,4.56,11.23,2.493,NA,NA,NA,19h19m00.68s,289.7528323,+41d37m54.78s,41.631884,12.89062,73.36096,62.79019,303.53072,639.252787,94.6824,-632.202,36.4396,27.4137
Kepler-444 d,Kepler-444,d,NA,HIP 94931,3,5,0,Transit,Published Confirmed,6.189392,0.06,0.53,0.047,NA,NA,NA,NA,NA,NA,NA,NA,NA,NA,0.18,NA,NA,88.16,2454967.7869,BJD,0,0.53,NA,NA,17.151,0.00644,NA,NA,NA,NA,NA,NA,K,5046,0.75,0.76,-0.55,[Fe/H],NA,4.56,11.23,2.493,NA,NA,NA,19h19m00.68s,289.7528323,+41d37m54.78s,41.631884,12.89062,73.36096,62.79019,303.53072,639.252787,94.6824,-632.202,36.4396,27.4137
Kepler-444 e,Kepler-444,e,NA,HIP 94931,3,5,0,Transit,Published Confirmed,7.743493,0.0696,0.546,0.049,NA,NA,NA,NA,NA,NA,NA,NA,NA,NA,0.1,NA,NA,89.13,2454968.0927,BJD,0,0.29,NA,NA,19.913,0.00664,NA,NA,NA,NA,NA,NA,K,5046,0.75,0.76,-0.55,[Fe/H],NA,4.56,11.23,2.493,NA,NA,NA,19h19m00.68s,289.7528323,+41d37m54.78s,41.631884,12.89062,73.36096,62.79019,303.53072,639.252787,94.6824,-632.202,36.4396,27.4137
Kepler-444 f,Kepler-444,f,NA,HIP 94931,3,5,0,Transit,Published Confirmed,9.740486,0.0811,0.741,0.066,NA,NA,NA,NA,NA,NA,NA,NA,NA,NA,0.29,NA,NA,87.96,2454967.8791,BJD,0,0.79,NA,NA,23.205,0.00903,NA,NA,NA,NA,NA,NA,K,5046,0.75,0.76,-0.55,[Fe/H],NA,4.56,11.23,2.493,NA,NA,NA,19h19m00.68s,289.7528323,+41d37m54.78s,41.631884,12.89062,73.36096,62.79019,303.53072,639.252787,94.6824,-632.202,36.4396,27.4137
Kepler-445 b,Kepler-445,b,NA,NA,1,3,0,Transit,Published Confirmed,2.984151,NA,1.58,0.14,NA,NA,NA,NA,NA,NA,NA,NA,NA,NA,0,NA,NA,89.74,2454966.1194,BJD,0,0.001,NA,1.0304,21.94,0.0676,NA,NA,NA,7,NA,NA,M4,3157,0.21,0.18,0.27,[Fe/H],NA,NA,NA,NA,NA,NA,-61,19h54m56.72s,298.7363395,+46d29m56.84s,46.4991236,9.39004,80.78005,64.90443,321.28507,138.5399643,41.5165,132.173,127.201,7.83347
Kepler-445 c,Kepler-445,c,NA,NA,1,3,0,Transit,Published Confirmed,4.871229,NA,2.51,0.22,NA,NA,NA,NA,NA,NA,NA,NA,NA,NA,0,NA,NA,89.91,2454966.6408,BJD,0,0,NA,1.2287,30.21,0.1075,NA,NA,NA,9.5,NA,NA,M4,3157,0.21,0.18,0.27,[Fe/H],NA,NA,NA,NA,NA,NA,-61,19h54m56.72s,298.7363395,+46d29m56.84s,46.4991236,9.39004,80.78005,64.90443,321.28507,138.5399643,41.5165,132.173,127.201,7.83347
Kepler-445 d,Kepler-445,d,NA,NA,1,3,0,Transit,Published Confirmed,8.15275,NA,1.25,0.11,NA,NA,NA,NA,NA,NA,NA,NA,NA,NA,0,NA,NA,89.61,2454836.7512230002,BJD,0,0.011,NA,1.386,42.95,0.0533,NA,NA,NA,3,NA,NA,M4,3157,0.21,0.18,0.27,[Fe/H],NA,NA,NA,NA,NA,NA,-61,19h54m56.72s,298.7363395,+46d29m56.84s,46.4991236,9.39004,80.78005,64.90443,321.28507,138.5399643,41.5165,132.173,127.201,7.83347
Kepler-446 b,Kepler-446,b,NA,NA,1,3,0,Transit,Published Confirmed,1.565409,NA,1.5,0.13,NA,NA,NA,NA,NA,NA,NA,NA,NA,NA,0,NA,NA,87.42,2454965.9135,BJD,0,0.601,NA,0.6456,14.2,0.0574,NA,NA,NA,7,NA,NA,M4,3359,0.24,0.22,-0.3,[Fe/H],NA,NA,NA,NA,NA,NA,-118,18h49m00.03s,282.2501047,+44d55m15.61s,44.921002,19.18908,74.36798,67.38475,292.99422,27.0539679,-12.4659,-24.0108,96.339,10.3516
Kepler-446 c,Kepler-446,c,NA,NA,1,3,0,Transit,Published Confirmed,3.036179,NA,1.11,0.1,NA,NA,NA,NA,NA,NA,NA,NA,NA,NA,0,NA,NA,88.97,2454967.069573,BJD,0,0.025,NA,0.9432,22.4,0.0424,NA,NA,NA,3.5,NA,NA,M4,3359,0.24,0.22,-0.3,[Fe/H],NA,NA,NA,NA,NA,NA,-118,18h49m00.03s,282.2501047,+44d55m15.61s,44.921002,19.18908,74.36798,67.38475,292.99422,27.0539679,-12.4659,-24.0108,96.339,10.3516
Kepler-446 d,Kepler-446,d,NA,NA,1,3,0,Transit,Published Confirmed,5.148921,NA,1.35,0.12,NA,NA,NA,NA,NA,NA,NA,NA,NA,NA,0,NA,NA,88.72,2454966.3196,BJD,0,0.705,NA,0.8832,31.6,0.0519,NA,NA,NA,4,NA,NA,M4,3359,0.24,0.22,-0.3,[Fe/H],NA,NA,NA,NA,NA,NA,-118,18h49m00.03s,282.2501047,+44d55m15.61s,44.921002,19.18908,74.36798,67.38475,292.99422,27.0539679,-12.4659,-24.0108,96.339,10.3516
Kepler-447 b,Kepler-447,b,NA,NA,1,1,0,Transit,Published Confirmed,7.79430304,NA,NA,NA,NA,NA,NA,NA,NA,NA,NA,NA,NA,NA,0.12,NA,NA,86.55,2455702.924679,BJD-TDB,0,NA,NA,NA,20.41,0.17,NA,NA,98.3,NA,NA,NA,G8 V,5493,1.05,1,0.07,[Fe/H],NA,4.4,NA,NA,NA,NA,1.39,19h01m04.45s,285.2685283,+48d33m35.58s,48.5598835,18.48573,78.72698,70.34915,301.21293,24.1721761,-5.73537,-23.4819,268.041,3.70206
Kepler-447 b,Kepler-447,b,NA,NA,1,1,0,Transit,Published Confirmed,7.794303,NA,NA,NA,NA,NA,NA,NA,NA,NA,NA,NA,NA,NA,NA,NA,NA,NA,2454970.26082,BJD-TDB,0,NA,NA,NA,NA,NA,NA,NA,NA,NA,NA,NA,G8 V,5493,1.05,1,0.07,[Fe/H],NA,4.4,NA,NA,NA,NA,1.39,19h01m04.45s,285.2685283,+48d33m35.58s,48.5598835,18.48573,78.72698,70.34915,301.21293,24.1721761,-5.73537,-23.4819,268.041,3.70206
Kepler-447 b,Kepler-447,b,NA,NA,1,1,0,Transit,Published Confirmed,7.79430132,0.0769,18.49,1.65,435.41,1.37,NA,NA,NA,NA,435.41,1.37,Mass,0.4,0.123,NA,NA,86.55,2454970.259778,NA,0,1.076,NA,1.135,20.41,0.165,NA,NA,98.3,141,NA,NA,G8 V,5493,1.05,1,0.07,[Fe/H],NA,4.4,NA,NA,NA,NA,1.39,19h01m04.45s,285.2685283,+48d33m35.58s,48.5598835,18.48573,78.72698,70.34915,301.21293,24.1721761,-5.73537,-23.4819,268.041,3.70206
Kepler-45 b,Kepler-45,b,NA,NA,1,1,0,Transit,Published Confirmed,2.45523906,0.02967,11.11,0.991,NA,NA,NA,NA,NA,NA,NA,NA,NA,NA,NA,NA,727,NA,NA,NA,0,NA,NA,NA,NA,0.184,NA,NA,NA,NA,NA,NA,M1 V,3814,0.55,0.58,0.2,[M/H],NA,NA,NA,NA,NA,NA,NA,19h31m29.50s,292.8729292,+41d03m51.02s,41.0641727,10.53637,73.88709,61.52542,307.92498,22.0710956,4.63512,-21.5789,381.949,2.59039
Kepler-45 b,Kepler-45,b,NA,NA,1,1,0,Transit,Published Confirmed,2.455239,0.03,10.76,0.96,160.497,0.505,NA,NA,NA,NA,160.497,0.505,Mass,0.8,0.11,NA,1000,87,NA,NA,0,0.6,3.204,NA,10.6,0.179,NA,NA,230,110,NA,NA,M,3820,0.55,0.59,0.28,[Fe/H],NA,4.7,0.5,4,NA,NA,NA,19h31m29.50s,292.8729292,+41d03m51.02s,41.0641727,10.53637,73.88709,61.52542,307.92498,22.0710956,4.63512,-21.5789,381.949,2.59039
Kepler-452 b,Kepler-452,b,NA,NA,1,1,0,Transit,Published Confirmed,384.843,1.046,1.63,0.145,NA,NA,NA,NA,NA,NA,NA,NA,NA,NA,NA,1.1,265,89.806,2455147.985,BJD,0,0.69,0.0199,10.63,NA,0.0128,NA,NA,NA,NA,NA,NA,G2,5757,1.11,1.04,0.21,[Fe/H],NA,4.32,6,0.84,NA,NA,NA,19h44m00.90s,296.003752,+44d16m39.31s,44.2775861,9.98768,77.86464,63.70049,315.1074,13.4422907,9.97399,9.01192,551.727,1.78375
Kepler-49 b,Kepler-49,b,NA,NA,1,4,0,Transit,Published Confirmed,7.20349407,0.05929,2.18,0.194,NA,NA,NA,NA,NA,NA,NA,NA,NA,NA,NA,NA,495,NA,NA,NA,1,NA,NA,NA,NA,0.039,NA,NA,NA,NA,NA,NA,M1 V,3816,0.51,0.54,-0.05,[M/H],NA,NA,NA,NA,NA,NA,NA,19h29m10.68s,292.2945208,+40d35m30.52s,40.5918123,10.71393,73.2573,61.21726,306.74483,8.7342163,-7.61449,4.27856,311.222,3.1845
Kepler-49 c,Kepler-49,c,NA,NA,1,4,0,Transit,Published Confirmed,10.91401005,0.07821,1.9,0.17,NA,NA,NA,NA,NA,NA,NA,NA,NA,NA,NA,NA,431,NA,NA,NA,1,NA,NA,NA,NA,0.034,NA,NA,NA,NA,NA,NA,M1 V,3816,0.51,0.54,-0.05,[M/H],NA,NA,NA,NA,NA,NA,NA,19h29m10.68s,292.2945208,+40d35m30.52s,40.5918123,10.71393,73.2573,61.21726,306.74483,8.7342163,-7.61449,4.27856,311.222,3.1845
Kepler-49 d,Kepler-49,d,NA,NA,1,4,0,Transit,Published Confirmed,2.57653594,0.02987,1.51,0.135,NA,NA,NA,NA,NA,NA,NA,NA,NA,NA,NA,NA,697,NA,NA,NA,1,NA,NA,NA,NA,0.027,NA,NA,NA,NA,NA,NA,M1 V,3816,0.51,0.54,-0.05,[M/H],NA,NA,NA,NA,NA,NA,NA,19h29m10.68s,292.2945208,+40d35m30.52s,40.5918123,10.71393,73.2573,61.21726,306.74483,8.7342163,-7.61449,4.27856,311.222,3.1845
Kepler-52 b,Kepler-52,b,NA,NA,1,3,0,Transit,Published Confirmed,7.87761021,0.0637,1.93,0.172,NA,NA,NA,NA,NA,NA,NA,NA,NA,NA,NA,NA,499,NA,NA,NA,1,NA,NA,NA,NA,0.033,NA,NA,NA,NA,NA,NA,M0 V,3898,0.54,0.56,-0.09,[M/H],NA,NA,NA,NA,NA,NA,NA,19h06m57.12s,286.7380152,+49d58m32.66s,49.9757383,18.08721,80.47826,71.36241,305.41515,4.2074117,-3.97537,1.37795,321.542,3.08128
Kepler-52 c,Kepler-52,c,NA,NA,1,3,0,Transit,Published Confirmed,16.38522911,0.10379,1.69,0.151,NA,NA,NA,NA,NA,NA,NA,NA,NA,NA,NA,NA,390,NA,NA,NA,1,NA,NA,NA,NA,0.029,NA,NA,NA,NA,NA,NA,M0 V,3898,0.54,0.56,-0.09,[M/H],NA,NA,NA,NA,NA,NA,NA,19h06m57.12s,286.7380152,+49d58m32.66s,49.9757383,18.08721,80.47826,71.36241,305.41515,4.2074117,-3.97537,1.37795,321.542,3.08128
Kepler-539 b,Kepler-539,b,NA,NA,1,2,0,Transit,Published Confirmed,125.63243,0.4988,8.373,0.747,308.2951,0.97,NA,NA,NA,NA,308.2951,0.97,Mass,2.9,0.39,NA,388,89.845,2455588.871,BJD-TDB,1,NA,NA,NA,94.60738,NA,NA,NA,NA,132.3,NA,NA,G2 V,5820,0.95,1.05,-0.01,[Fe/H],NA,4.5,NA,1.713,4.4,11.77,9.96,19h56m29.39s,299.1224639,+41d52m00.46s,41.8667953,6.81805,76.8781,60.58722,317.55711,9.8156081,2.96941,9.355681,307.318,3.22574
Kepler-539 c,Kepler-539,c,NA,NA,1,2,0,Transit Timing Variations,Published Confirmed,1000,2.42,NA,NA,762.792,2.4,NA,NA,NA,NA,762.792,2.4,Mass,NA,0.5,NA,253,NA,NA,NA,0,NA,NA,NA,NA,NA,NA,NA,254.91,NA,NA,NA,G2 V,5820,0.95,1.05,-0.01,[Fe/H],NA,4.5,NA,1.713,4.4,11.77,9.96,19h56m29.39s,299.1224639,+41d52m00.46s,41.8667953,6.81805,76.8781,60.58722,317.55711,9.8156081,2.96941,9.355681,307.318,3.22574
Kepler-54 b,Kepler-54,b,NA,NA,1,3,0,Transit,Published Confirmed,8.01280975,0.0619,1.8,0.161,NA,NA,NA,NA,NA,NA,NA,NA,NA,NA,NA,NA,453,NA,NA,NA,1,NA,NA,NA,NA,0.035,NA,NA,NA,NA,NA,NA,M1 V,3726,0.47,0.49,-0.12,[M/H],NA,NA,NA,NA,NA,NA,NA,19h39m05.74s,294.7739245,+43d03m22.31s,43.0561976,10.1981,76.34485,62.9084,312.2427,18.4991328,0.0348401,-18.4991,271.701,3.65228
Kepler-61 b,Kepler-61,b,NA,NA,1,1,0,Transit,Published Confirmed,59.8791008,0.24861,2.04,0.182,NA,NA,NA,NA,NA,NA,NA,NA,NA,NA,NA,NA,258,NA,NA,NA,0,NA,NA,NA,NA,0.034,NA,NA,NA,NA,NA,NA,M0 V,3929,0.55,0.57,-0.02,[M/H],NA,NA,NA,NA,NA,NA,NA,19h41m13.08s,295.3044942,+42d28m31.15s,42.4753193,9.58157,76.00967,62.22536,312.56894,10.721519,-2.25498,10.4817,335.079,2.95651
Kepler-61 b,Kepler-61,b,NA,NA,1,1,0,Transit,Published Confirmed,59.87756,NA,2.15,0.192,NA,NA,NA,NA,NA,NA,NA,NA,NA,NA,0.25,NA,273,89.8,2454984.188,BJD,0,0.29,NA,4.845,90.6,0.03301,NA,NA,NA,NA,NA,NA,K7 V,4017,0.62,0.64,0.03,[Fe/H],NA,NA,1,NA,NA,NA,NA,19h41m13.08s,295.3044942,+42d28m31.15s,42.4753193,9.58157,76.00967,62.22536,312.56894,10.721519,-2.25498,10.4817,335.079,2.95651
Kepler-62 b,Kepler-62,b,NA,NA,1,5,0,Transit,Published Confirmed,5.714932,0.0553,1.31,0.117,9,0.03,NA,NA,NA,NA,9,0.03,Mass,NA,NA,NA,750,89.2,2455003.9189,BJD,0,0.25,0.043,2.31,18.7,0.0188,NA,NA,NA,NA,NA,NA,K2 V,4925,0.64,0.69,-0.37,[Fe/H],-0.678,4.68,7,3.8,0.4,NA,NA,18h52m51.01s,283.2125621,+45d20m58.92s,45.3496992,18.69539,75.0375,67.64638,294.97936,40.0529337,-25.1534,-31.1696,300.874,3.29474
Kepler-62 c,Kepler-62,c,NA,NA,1,5,0,Transit,Published Confirmed,12.4417,0.0929,0.54,0.048,4,0.013,NA,NA,NA,NA,4,0.013,Mass,NA,NA,NA,578,89.7,2454967.651,BJD,0,0.16,0.007,3.02,31.4,0.0077,NA,NA,NA,NA,NA,NA,K2 V,4925,0.64,0.69,-0.37,[Fe/H],-0.678,4.68,7,3.8,0.4,NA,NA,18h52m51.01s,283.2125621,+45d20m58.92s,45.3496992,18.69539,75.0375,67.64638,294.97936,40.0529337,-25.1534,-31.1696,300.874,3.29474
Kepler-62 d,Kepler-62,d,NA,NA,1,5,0,Transit,Published Confirmed,18.16406,0.12,1.95,0.174,14,0.044,NA,NA,NA,NA,14,0.044,Mass,NA,NA,NA,510,89.7,2455013.8117,BJD,0,0.22,0.092,2.97,40.4,0.0278,NA,NA,NA,NA,NA,NA,K2 V,4925,0.64,0.69,-0.37,[Fe/H],-0.678,4.68,7,3.8,0.4,NA,NA,18h52m51.01s,283.2125621,+45d20m58.92s,45.3496992,18.69539,75.0375,67.64638,294.97936,40.0529337,-25.1534,-31.1696,300.874,3.29474
Kepler-62 e,Kepler-62,e,NA,NA,1,5,0,Transit,Published Confirmed,122.3874,0.427,1.61,0.144,36,0.113,NA,NA,NA,NA,36,0.113,Mass,NA,NA,NA,270,89.98,2454983.404,BJD,0,0.06,0.07,6.92,144,0.0232,NA,NA,NA,NA,NA,NA,K2 V,4925,0.64,0.69,-0.37,[Fe/H],-0.678,4.68,7,3.8,0.4,NA,NA,18h52m51.01s,283.2125621,+45d20m58.92s,45.3496992,18.69539,75.0375,67.64638,294.97936,40.0529337,-25.1534,-31.1696,300.874,3.29474
Kepler-62 f,Kepler-62,f,NA,NA,1,5,0,Transit,Published Confirmed,267.291,0.718,1.41,0.126,35,0.11,NA,NA,NA,NA,35,0.11,Mass,NA,NA,NA,208,89.9,2455422.71,BJD,0,0.41,0.042,7.46,243,0.0203,NA,NA,NA,NA,NA,NA,K2 V,4925,0.64,0.69,-0.37,[Fe/H],-0.678,4.68,7,3.8,0.4,NA,NA,18h52m51.01s,283.2125621,+45d20m58.92s,45.3496992,18.69539,75.0375,67.64638,294.97936,40.0529337,-25.1534,-31.1696,300.874,3.29474
Kepler-63 b,Kepler-63,b,NA,NA,1,1,0,Transit,Published Confirmed,9.43415035,NA,NA,NA,NA,NA,NA,NA,NA,NA,NA,NA,NA,NA,0,NA,NA,87.806,2455010.8434,BJD-TDB,0,0.732,NA,2.903,19.12,0.0622,NA,NA,90,40,-135,NA,G5,5576,0.9,NA,NA,NA,NA,NA,0.21,NA,7.47,5.4,NA,19h16m54.31s,289.2262876,+49d32m53.81s,49.5482814,16.43629,80.68879,70.36407,309.47471,27.4117198,14.3365,23.3638,194.033,5.12497
Kepler-66 b,Kepler-66,b,NA,NA,1,1,0,Transit,Published Confirmed,17.815815,0.1352,2.8,0.25,NA,NA,NA,NA,NA,NA,NA,NA,NA,NA,NA,NA,NA,NA,2454967.4854,BJD,0,0.56,NA,NA,30.3,0.02646,NA,NA,NA,NA,NA,NA,G0 V,5962,0.97,1.04,-0.2,[M/H],NA,4.48,1,1.62,NA,NA,NA,19h35m55.57s,293.9815378,+46d41m15.82s,46.687728,12.35796,79.37647,66.47612,314.30609,9.4345682,-3.44276,-8.78399,1202.96,0.802988
Kepler-67 b,Kepler-67,b,NA,NA,1,1,0,Transit,Published Confirmed,15.7259,0.1171,2.94,0.262,NA,NA,NA,NA,NA,NA,NA,NA,NA,NA,NA,NA,NA,NA,2454966.9855,BJD,0,0.37,NA,NA,32.4,0.03451,NA,NA,NA,NA,NA,NA,G9 V,5331,0.78,0.86,-0.2,[M/H],NA,4.59,1,2.66,NA,NA,NA,19h36m36.80s,294.1533505,+46d09m59.03s,46.1663976,12.01771,78.9546,65.95119,314.05499,9.3297341,-3.4242,-8.67864,1131.19,0.857968
Kepler-69 b,Kepler-69,b,NA,NA,1,2,0,Transit,Published Confirmed,13.722341,0.094,2.24,0.2,NA,NA,NA,NA,NA,NA,NA,NA,NA,NA,0.16,NA,779,89.62,2454970.8414,BJD,0,0.15,0.0597,NA,21.8,0.02207,NA,NA,NA,NA,NA,NA,G4 V,5638,0.93,0.81,-0.29,[Fe/H],-0.097,4.4,NA,1.37,NA,NA,-38.7,19h33m02.62s,293.2609013,+44d52m07.92s,44.8688656,11.99414,77.48226,64.99488,311.4598,11.7957421,-9.70371,-6.70653,730.625,1.33989
Kepler-69 c,Kepler-69,c,NA,NA,1,2,0,Transit,Published Confirmed,242.4613,0.64,1.71,0.153,NA,NA,NA,NA,NA,NA,NA,NA,NA,NA,0.14,NA,299,89.85,2454983.87,BJD,0,0.12,0.035,NA,148,0.0168,NA,NA,NA,NA,NA,NA,G4 V,5638,0.93,0.81,-0.29,[Fe/H],-0.097,4.4,NA,1.37,NA,NA,-38.7,19h33m02.62s,293.2609013,+44d52m07.92s,44.8688656,11.99414,77.48226,64.99488,311.4598,11.7957421,-9.70371,-6.70653,730.625,1.33989
Kepler-74 b,Kepler-74,b,NA,NA,1,1,0,Transit,Published Confirmed,7.340718,0.084,14.8,1.32,216.12,0.68,NA,NA,NA,NA,216.12,0.68,Mass,0.37,0.287,NA,1250,85.55,2454967.3453,BJD,0,0.684,NA,2.699,11.8,0.09,NA,2454967.04,64,58,NA,NA,F8 V,6050,1.51,1.4,0.34,[Fe/H],NA,4.2,2.9,0.58,5,NA,19.29,19h32m22.21s,293.0925275,+41d21m19.83s,41.3555095,10.52134,74.2274,61.74674,308.45411,4.9747534,-1.53504,-4.732,1177.55,0.820793
Kepler-74 b,Kepler-74,b,NA,NA,1,1,0,Transit,Published Confirmed,7.340711,0.0781,10.76,0.96,200.22,0.63,NA,NA,NA,NA,200.22,0.63,Mass,0.88,0,NA,1078,87.46,2455187.56737,BJD-TDB,0,0.685,NA,3.082,15.47,0.0912,NA,NA,NA,59,NA,NA,F8 V,6000,1.12,1.18,0.42,[Fe/H],NA,4.44,0.8,1.3,5,NA,19.37,19h32m22.21s,293.0925275,+41d21m19.83s,41.3555095,10.52134,74.2274,61.74674,308.45411,4.9747534,-1.53504,-4.732,1177.55,0.820793
Kepler-75 b,Kepler-75,b,NA,NA,1,1,0,Transit,Published Confirmed,8.8849116,0.0818,11.77,1.05,3209.9,10.1,NA,NA,NA,NA,3209.9,10.1,Mass,11,0.57,NA,767,89.12,2455640.4403,BJD-TDB,0,0.13,NA,2.0778,19.77,0.1212,NA,NA,63.5,1287,NA,NA,K0 V,5200,0.89,0.91,0.3,[Fe/H],NA,4.5,6.2,1.85,3.5,NA,-64.18,19h24m33.03s,291.1376203,+36d34m38.44s,36.5773443,9.7193,69.19995,57.63743,302.74847,8.3565657,7.9896,-2.44918,835.356,1.16891
Kepler-75 b,Kepler-75,b,NA,NA,1,1,0,Transit,Published Confirmed,8.884924,0.08,11.55,1.03,3146.4,9.9,NA,NA,NA,NA,3146.4,9.9,Mass,11,0.569,NA,850,89.1,2455002.991,BJD,0,0.14,NA,1.872,19.6,0.121,NA,2455002.841,63.6,1288,NA,NA,G8 V,5330,0.88,0.88,-0.07,[Fe/H],NA,4.5,6,1.79,3.5,NA,-64.23,19h24m33.03s,291.1376203,+36d34m38.44s,36.5773443,9.7193,69.19995,57.63743,302.74847,8.3565657,7.9896,-2.44918,835.356,1.16891
Kepler-76 b,Kepler-76,b,NA,NA,1,1,0,Orbital Brightness Modulation,Published Confirmed,1.54492888,NA,NA,NA,NA,NA,NA,NA,NA,NA,NA,NA,NA,NA,NA,NA,NA,77.55,2455654.042121,BJD-TDB,0,NA,NA,NA,4.46,0.1033,NA,NA,NA,NA,NA,NA,F,6409,1.32,1.2,-0.1,[M/H],NA,4.2,NA,0.735,6.5,NA,NA,19h36m46.11s,294.1921185,+39d37m08.30s,39.6189727,8.97802,73.0559,59.83224,308.91013,2.5738644,-0.48519,-2.52772,822.96,1.18642
Kepler-76 b,Kepler-76,b,NA,NA,1,1,0,Orbital Brightness Modulation,Published Confirmed,1.54492875,NA,14.01,1.25,635.63,2,636,2,NA,NA,635.63,2,Mass,NA,0,NA,NA,78,2454966.54811,BJD,0,0.944,NA,NA,4.525,NA,NA,2456126.77,NA,306,NA,NA,F,6409,1.32,1.2,-0.1,[M/H],NA,4.2,NA,0.735,6.5,NA,NA,19h36m46.11s,294.1921185,+39d37m08.30s,39.6189727,8.97802,73.0559,59.83224,308.91013,2.5738644,-0.48519,-2.52772,822.96,1.18642
Kepler-77 b,Kepler-77,b,NA,NA,1,1,0,Transit,Published Confirmed,3.57878087,0.04501,10.761,0.96,136.661,0.43,NA,NA,NA,NA,136.661,0.43,Mass,0.603,0,NA,1440,88,2455095.865727,HJD,0,0.341,0.9849,2.93376,9.764,0.09924,NA,NA,NA,59.2,NA,NA,G5 V,5520,0.99,0.95,0.2,[M/H],NA,4.42,7.5,1.365,1.5,NA,-24.76,19h18m25.91s,289.6079433,+44d20m43.56s,44.3454347,14.1188,75.85191,65.40519,305.20922,2.6367816,-2.60431,-0.412537,639.411,1.53518
Kepler-78 b,Kepler-78,b,NA,NA,2,1,0,Transit,Published Confirmed,0.35500744,NA,1.16,0.103,8,0.025,NA,NA,NA,NA,8,0.025,Mass,NA,NA,NA,NA,79,2454953.95995,BJD-TDB,0,NA,0.0201,0.814,3,0.0142,NA,NA,NA,NA,NA,NA,G,5089,0.74,0.81,-0.14,[M/H],NA,4.6,0.75,2.8,2.4,NA,-3.44,19h34m58.07s,293.7419543,+44d26m53.71s,44.4482521,11.49947,77.25546,64.47723,311.83783,41.3292811,38.0598,-16.1109,124.376,8.01126
Kepler-80 b,Kepler-80,b,NA,NA,1,6,0,Transit,Published Confirmed,7.05246,0.0648,2.67,0.238,6.93,0.0218,NA,NA,NA,NA,6.93,0.0218,Mass,1.38,NA,NA,NA,89.34,2455658.399,BJD,1,NA,NA,NA,NA,NA,NA,NA,NA,NA,NA,NA,K5,4540,0.68,0.73,0.04,[Fe/H],-0.77,4.64,2,2.33,NA,NA,NA,19h44m27.02s,296.1125759,+39d58m43.48s,39.9787451,7.85257,74.08669,59.67592,311.90935,7.315832,-1.37962,-7.18457,369.451,2.67801
Kepler-80 b,Kepler-80,b,NA,NA,1,6,0,Transit,Published Confirmed,7.05347776,0.06022,2.1,0.187,NA,NA,NA,NA,NA,NA,NA,NA,NA,NA,NA,NA,546,NA,NA,NA,1,NA,NA,NA,NA,0.034,NA,NA,NA,NA,NA,NA,M0 V,4040,0.57,0.59,-0.14,[M/H],NA,NA,NA,NA,NA,NA,NA,19h44m27.02s,296.1125759,+39d58m43.48s,39.9787451,7.85257,74.08669,59.67592,311.90935,7.315832,-1.37962,-7.18457,369.451,2.67801
Kepler-80 b,Kepler-80,b,NA,NA,1,6,0,Transit,Published Confirmed,7.0534,NA,2.367,0.211,3.5,0.01101,NA,NA,NA,NA,3.5,0.01101,Mass,1.45,0.0049,NA,NA,88.989,2455658.39386,BJD,1,NA,NA,NA,NA,NA,NA,NA,NA,NA,NA,NA,K5,4540,0.68,0.73,0.04,[Fe/H],-0.77,4.64,2,2.33,NA,NA,NA,19h44m27.02s,296.1125759,+39d58m43.48s,39.9787451,7.85257,74.08669,59.67592,311.90935,7.315832,-1.37962,-7.18457,369.451,2.67801
Kepler-80 c,Kepler-80,c,NA,NA,1,6,0,Transit,Published Confirmed,9.52169991,0.07355,2.16,0.193,NA,NA,NA,NA,NA,NA,NA,NA,NA,NA,NA,NA,494,NA,NA,NA,1,NA,NA,NA,NA,0.035,NA,NA,NA,NA,NA,NA,M0 V,4040,0.57,0.59,-0.14,[M/H],NA,NA,NA,NA,NA,NA,NA,19h44m27.02s,296.1125759,+39d58m43.48s,39.9787451,7.85257,74.08669,59.67592,311.90935,7.315832,-1.37962,-7.18457,369.451,2.67801
Kepler-80 c,Kepler-80,c,NA,NA,1,6,0,Transit,Published Confirmed,9.52355,0.0792,2.74,0.244,6.74,0.02121,NA,NA,NA,NA,6.74,0.02121,Mass,1.22,NA,NA,NA,89.33,2455696.047,BJD,1,NA,NA,NA,NA,NA,NA,NA,NA,NA,NA,NA,K5,4540,0.68,0.73,0.04,[Fe/H],-0.77,4.64,2,2.33,NA,NA,NA,19h44m27.02s,296.1125759,+39d58m43.48s,39.9787451,7.85257,74.08669,59.67592,311.90935,7.315832,-1.37962,-7.18457,369.451,2.67801
Kepler-80 c,Kepler-80,c,NA,NA,1,6,0,Transit,Published Confirmed,9.5231,NA,2.507,0.224,3.49,0.01098,NA,NA,NA,NA,3.49,0.01098,Mass,1.22,0.0079,NA,NA,88.744,2455696.04731,BJD,1,NA,NA,NA,NA,NA,NA,NA,NA,NA,NA,NA,K5,4540,0.68,0.73,0.04,[Fe/H],-0.77,4.64,2,2.33,NA,NA,NA,19h44m27.02s,296.1125759,+39d58m43.48s,39.9787451,7.85257,74.08669,59.67592,311.90935,7.315832,-1.37962,-7.18457,369.451,2.67801
Kepler-80 d,Kepler-80,d,NA,NA,1,6,0,Transit,Published Confirmed,3.07216597,0.0346,1.11,0.099,NA,NA,NA,NA,NA,NA,NA,NA,NA,NA,NA,NA,720,NA,NA,NA,1,NA,NA,NA,NA,0.018,NA,NA,NA,NA,NA,NA,M0 V,4040,0.57,0.59,-0.14,[M/H],NA,NA,NA,NA,NA,NA,NA,19h44m27.02s,296.1125759,+39d58m43.48s,39.9787451,7.85257,74.08669,59.67592,311.90935,7.315832,-1.37962,-7.18457,369.451,2.67801
Kepler-80 d,Kepler-80,d,NA,NA,1,6,0,Transit,Published Confirmed,3.0723,NA,1.309,0.117,5.95,0.01872,NA,NA,NA,NA,5.95,0.01872,Mass,14.6,0.0041,NA,NA,89.24,2455695.13111,BJD,1,NA,NA,NA,NA,NA,NA,NA,NA,NA,NA,NA,K5,4540,0.68,0.73,0.04,[Fe/H],-0.77,4.64,2,2.33,NA,NA,NA,19h44m27.02s,296.1125759,+39d58m43.48s,39.9787451,7.85257,74.08669,59.67592,311.90935,7.315832,-1.37962,-7.18457,369.451,2.67801
Kepler-80 d,Kepler-80,d,NA,NA,1,6,0,Transit,Published Confirmed,3.07222,0.0372,1.53,0.136,6.75,0.02124,NA,NA,NA,NA,6.75,0.02124,Mass,7.04,NA,NA,NA,88.35,2455695.129,BJD,1,NA,NA,NA,NA,NA,NA,NA,NA,NA,NA,NA,K5,4540,0.68,0.73,0.04,[Fe/H],-0.77,4.64,2,2.33,NA,NA,NA,19h44m27.02s,296.1125759,+39d58m43.48s,39.9787451,7.85257,74.08669,59.67592,311.90935,7.315832,-1.37962,-7.18457,369.451,2.67801
Kepler-80 e,Kepler-80,e,NA,NA,1,6,0,Transit,Published Confirmed,4.64489,0.0491,1.6,0.143,4.13,0.01299,NA,NA,NA,NA,4.13,0.01299,Mass,3.75,NA,NA,NA,88.79,2455696.915,BJD,1,NA,NA,NA,NA,NA,NA,NA,NA,NA,NA,NA,K5,4540,0.68,0.73,0.04,[Fe/H],-0.77,4.64,2,2.33,NA,NA,NA,19h44m27.02s,296.1125759,+39d58m43.48s,39.9787451,7.85257,74.08669,59.67592,311.90935,7.315832,-1.37962,-7.18457,369.451,2.67801
Kepler-80 e,Kepler-80,e,NA,NA,1,6,0,Transit,Published Confirmed,4.64535284,0.04558,1.6,0.143,NA,NA,NA,NA,NA,NA,NA,NA,NA,NA,NA,NA,628,NA,NA,NA,1,NA,NA,NA,NA,0.026,NA,NA,NA,NA,NA,NA,M0 V,4040,0.57,0.59,-0.14,[M/H],NA,NA,NA,NA,NA,NA,NA,19h44m27.02s,296.1125759,+39d58m43.48s,39.9787451,7.85257,74.08669,59.67592,311.90935,7.315832,-1.37962,-7.18457,369.451,2.67801
Kepler-80 e,Kepler-80,e,NA,NA,1,6,0,Transit,Published Confirmed,4.6447,NA,1.33,0.119,2.97,0.00934,NA,NA,NA,NA,2.97,0.00934,Mass,6.9,0.0035,NA,NA,88.59,2455696.9113,BJD,1,NA,NA,NA,NA,NA,NA,NA,NA,NA,NA,NA,K5,4540,0.68,0.73,0.04,[Fe/H],-0.77,4.64,2,2.33,NA,NA,NA,19h44m27.02s,296.1125759,+39d58m43.48s,39.9787451,7.85257,74.08669,59.67592,311.90935,7.315832,-1.37962,-7.18457,369.451,2.67801
Kepler-80 f,Kepler-80,f,NA,NA,1,6,0,Transit,Published Confirmed,0.9867873,0.0175,1.21,0.108,NA,NA,NA,NA,NA,NA,NA,NA,NA,NA,NA,NA,NA,86.5,NA,NA,0,NA,NA,NA,NA,NA,NA,NA,NA,NA,NA,NA,K5,4540,0.68,0.73,0.04,[Fe/H],-0.77,4.64,2,2.33,NA,NA,NA,19h44m27.02s,296.1125759,+39d58m43.48s,39.9787451,7.85257,74.08669,59.67592,311.90935,7.315832,-1.37962,-7.18457,369.451,2.67801
Kepler-80 f,Kepler-80,f,NA,NA,1,6,0,Transit,Published Confirmed,0.98678,NA,1.031,0.092,NA,NA,NA,NA,NA,NA,NA,NA,NA,NA,0.186,NA,NA,85.99,2455700.33893,BJD,0,NA,NA,NA,NA,NA,NA,NA,NA,NA,NA,NA,K5,4540,0.68,0.73,0.04,[Fe/H],-0.77,4.64,2,2.33,NA,NA,NA,19h44m27.02s,296.1125759,+39d58m43.48s,39.9787451,7.85257,74.08669,59.67592,311.90935,7.315832,-1.37962,-7.18457,369.451,2.67801
Kepler-80 g,Kepler-80,g,NA,NA,1,6,0,Transit,Published Confirmed,14.651,NA,1.05,0.094,0.065,2e-4,NA,NA,NA,NA,0.065,2e-4,Mass,0.31,0.1303,NA,NA,88.26,2455658.5864,BJD,0,NA,NA,NA,NA,NA,NA,NA,NA,NA,NA,NA,K5,4540,0.68,0.73,0.04,[Fe/H],-0.77,4.64,2,2.33,NA,NA,NA,19h44m27.02s,296.1125759,+39d58m43.48s,39.9787451,7.85257,74.08669,59.67592,311.90935,7.315832,-1.37962,-7.18457,369.451,2.67801
Kepler-81 b,Kepler-81,b,NA,NA,1,3,0,Transit,Published Confirmed,5.95487022,0.0522,1.92,0.171,NA,NA,NA,NA,NA,NA,NA,NA,NA,NA,NA,NA,541,NA,NA,NA,1,NA,NA,NA,NA,0.034,NA,NA,NA,NA,NA,NA,M0 V,3896,0.52,0.54,-0.2,[M/H],NA,NA,NA,NA,NA,NA,NA,19h34m32.87s,293.6369437,+42d49m29.38s,42.8248275,10.83017,75.7459,62.99092,310.35171,24.7007792,-1.36923,-24.6628,348.291,2.84257
Kepler-81 c,Kepler-81,c,NA,NA,1,3,0,Transit,Published Confirmed,12.03956985,0.08347,1.75,0.156,NA,NA,NA,NA,NA,NA,NA,NA,NA,NA,NA,NA,428,NA,NA,NA,1,NA,NA,NA,NA,0.031,NA,NA,NA,NA,NA,NA,M0 V,3896,0.52,0.54,-0.2,[M/H],NA,NA,NA,NA,NA,NA,NA,19h34m32.87s,293.6369437,+42d49m29.38s,42.8248275,10.83017,75.7459,62.99092,310.35171,24.7007792,-1.36923,-24.6628,348.291,2.84257
Kepler-83 b,Kepler-83,b,NA,NA,2,3,0,Transit,Published Confirmed,9.77058983,0.07295,2.34,0.209,NA,NA,NA,NA,NA,NA,NA,NA,NA,NA,NA,NA,460,NA,NA,NA,1,NA,NA,NA,NA,0.041,NA,NA,NA,NA,NA,NA,M0 V,3893,0.52,0.54,-0.15,[M/H],NA,NA,NA,NA,NA,NA,NA,18h48m55.80s,282.2325197,+43d39m56.04s,43.6655662,18.77652,73.114,66.16107,292.28179,13.77404,1.90979,-13.641,400.409,2.46907
Kepler-83 c,Kepler-83,c,NA,NA,2,3,0,Transit,Published Confirmed,20.08922958,0.11796,1.94,0.173,NA,NA,NA,NA,NA,NA,NA,NA,NA,NA,NA,NA,362,NA,NA,NA,1,NA,NA,NA,NA,0.034,NA,NA,NA,NA,NA,NA,M0 V,3893,0.52,0.54,-0.15,[M/H],NA,NA,NA,NA,NA,NA,NA,18h48m55.80s,282.2325197,+43d39m56.04s,43.6655662,18.77652,73.114,66.16107,292.28179,13.77404,1.90979,-13.641,400.409,2.46907
Kepler-83 d,Kepler-83,d,NA,NA,2,3,0,Transit,Published Confirmed,5.16990995,0.04773,1.88,0.168,NA,NA,NA,NA,NA,NA,NA,NA,NA,NA,NA,NA,569,NA,NA,NA,0,NA,NA,NA,NA,0.033,NA,NA,NA,NA,NA,NA,M0 V,3893,0.52,0.54,-0.15,[M/H],NA,NA,NA,NA,NA,NA,NA,18h48m55.80s,282.2325197,+43d39m56.04s,43.6655662,18.77652,73.114,66.16107,292.28179,13.77404,1.90979,-13.641,400.409,2.46907
Kepler-879 c,Kepler-879,c,NA,NA,1,2,0,Transit,Published Confirmed,0.646716,NA,0.4,0.036,NA,NA,NA,NA,NA,NA,NA,NA,NA,NA,NA,NA,NA,NA,2454833.206,BJD,0,NA,NA,1.7,3.1,NA,NA,NA,NA,NA,NA,NA,G,5456.75,1.02,0.97,NA,NA,NA,NA,NA,1.6,NA,NA,NA,19h43m13.57s,295.8065515,+50d54m35.11s,50.9097521,13.19003,83.79582,69.70329,322.3059,9.174093,-3.639,-8.4215,802.672,1.2171
Kepler-91 b,Kepler-91,b,NA,NA,1,1,0,Transit,Published Confirmed,6.24658,0.072,15.513,1.384,279.68,0.88,NA,NA,NA,NA,279.68,0.88,Mass,0.44,0.066,NA,NA,68.5,NA,NA,0,NA,NA,NA,2.45,0.02255,NA,NA,316.8,NA,NA,NA,K3,4550,6.3,1.31,0.11,[Fe/H],1.225,2.95,4.86,0.0073,6.8,NA,NA,19h02m41.50s,285.6729033,+44d07m00.30s,44.1167513,16.62216,74.48612,66.0127,298.49006,4.2603814,-0.773912,4.1895,1294.69,0.743739
Kepler-94 b,Kepler-94,b,NA,NA,1,2,0,Transit,Published Confirmed,2.50809097,0.03106,2.32,0.207,NA,NA,NA,NA,NA,NA,NA,NA,NA,NA,NA,NA,827,NA,NA,NA,0,NA,NA,NA,NA,0.035,NA,NA,NA,NA,NA,NA,M0 V,4238,0.61,0.64,-0.12,[M/H],NA,NA,NA,NA,NA,NA,NA,18h44m46.74s,281.1947316,+47d29m50.14s,47.4972606,20.71013,76.71253,70.05893,292.61499,25.8628925,-5.58438,25.2528,191.904,5.1821
Kepler-963 c,Kepler-963,c,NA,NA,1,2,0,Transit,Published Confirmed,0.919783,NA,0.6,0.054,NA,NA,NA,NA,NA,NA,NA,NA,NA,NA,NA,NA,NA,NA,2454832.901,BJD,0,NA,NA,1.4,5.2,NA,NA,NA,NA,NA,NA,NA,G,5169.47,0.93,0.82,NA,NA,NA,NA,NA,3.2,NA,NA,NA,19h47m00.71s,296.7529742,+45d02m27.98s,45.0411049,9.88428,78.80407,64.18505,316.91755,2.6390539,0.393117,-2.60961,771.494,1.26769
PH1 b,PH1,b,NA,NA,4,1,1,Transit,Published Confirmed,138.317,0.652,6.18,0.551,169,0.531,NA,NA,NA,NA,169,0.531,Mass,NA,0.0702,NA,481,90.05,2455074.49,BJD,0,NA,NA,NA,22.1435,0.03268,NA,NA,341.88,NA,NA,NA,F,6407,1.73,1.53,0.21,[Fe/H],NA,4.14,2,0.293,32.6,NA,21.18,19h52m51.62s,298.2150641,+39d57m18.31s,39.9550863,6.44039,74.86914,59.07937,314.84866,1.0948906,0.283166,1.05764,1033.16,NA
